Number,Product_code,Product_name,Rating,number of reveiws,Price,Images
0,B08X4N3DW2,"Dell Inspiron 3502 15.6"" (39.62 cms) HD Display Laptop (Pentium Silver N5030 / 4GB / 256GB SSD / Integrated Graphics / Win 10 + MSO / Accent Black) D560427WIN9BE",4.2 out of 5 stars,72,"29,990",https://m.media-amazon.com/images/I/51jPUwqQTFL._AC_UY218_.jpg
1,B08CKY5XX3,"ASUS VivoBook 15 (2020), 39.6 cm HD, Dual Core Intel Celeron N4020, Thin and Light Laptop (4GB RAM/256GB SSD/Integrated Graphics/Windows 10 Home/Transparent Silver/1.8 Kg), X515MA-BR002T",4.0 out of 5 stars,714,"28,514",https://m.media-amazon.com/images/I/81IgKPn5qlL._AC_UY218_.jpg
2,B08HJZHTM1,"HP 15 Intel Pentium Gold 6405U Processor Entry Level 15.6-inch (39.62 cms) FHD Laptop (4GB/1TB/Win 10/Jet Black/1.74kg), 15s-du1052tu",3.5 out of 5 stars,502,"27,994",https://m.media-amazon.com/images/I/71FB8qoB78L._AC_UY218_.jpg
3,B08RFTYKFZ,"HP 15 Entry Level 15.6-inch (39.62 cms) HD Laptop (AMD 3020e/4GB/1TB HDD/Windows 10 Home/Jet Black/1.74 Kg), 15s-gy0003AU",3.6 out of 5 stars,"1,311","25,990",https://m.media-amazon.com/images/I/719F8WdfBzL._AC_UY218_.jpg
4,B08HJYFZ14,"HP 15 AMD Athlon 15.6"" (39.62cms) HD Laptop (Silver-3050U/4GB/1TB/Win 10/MS Office/Jet Black/1.85kg), 15s-gy0001au",3.6 out of 5 stars,170,"29,520",https://m.media-amazon.com/images/I/61bkuSlKF4L._AC_UY218_.jpg
5,B08G5M5WTG,"Lenovo Ideapad Slim 3 15.6"" HD Thin and Light Laptop (AMD 3020e/4GB/1TB HDD/Windows 10/Grey/1.85Kg), 81W100HHIN",3.2 out of 5 stars,15,Currently Unavailable,https://m.media-amazon.com/images/I/61Dw5Z8LzJL._AC_UY218_.jpg
6,B091B6K2ZM,"(Renewed) Fujitsu Intel Core i5 3340M 15.6-Inch (39.62 cms) 1366 X 768 Laptop (4 GB/320 GB HDD/Windows/Intel HD Graphics/Black/2.40 Kg), A573",4.1 out of 5 stars,95,"24,990",https://m.media-amazon.com/images/I/61J5eB-TdyL._AC_UY218_.jpg
7,B095JY5B3F,"Lenovo V15 AMD 15.6-inch FHD Thin and Light Laptop (AMD Athlon Silver 3050 U/ 4GB RAM/ 1TB HDD/ Windows 10 Home/Integrated AMD Radeon Graphics/ Iron Grey/ 1.85 kg), 82C700J0IH",3.1 out of 5 stars,50,"27,999",https://m.media-amazon.com/images/I/71vCx6vbdBL._AC_UY218_.jpg
8,B095BYNN8Z,"Acer Extensa 15 Thin & Light Laptop Intel Processor Pentium Silver N5030 15.6 inch (35.56 cms) (4GB RAM/1TB HDD/Windows 10/Integrated Graphic Card/Black/1.9 Kg),EX215-31",3.8 out of 5 stars,123,"28,490",https://m.media-amazon.com/images/I/816U-xDHnKS._AC_UY218_.jpg
9,B094Y8L2G9,"ASUS Celeron Dual Core - (4 GB/1 TB HDD/Windows 10 Home) X515MA-BR004T Thin and Light Laptop (15.6 inch, Transparent Silver, 1.80 Kg",3.4 out of 5 stars,47,"27,890",https://m.media-amazon.com/images/I/41CkeQXMMQL._AC_UY218_.jpg
10,B08XNXJDVX,"HP 15 11th Gen Intel Core i3 Processor 15.6"" (39.62cms) FHD Laptop (8GB/256GB SSD/Win 10/MS Office/Integrated Graphics/Jet Black/1.69 Kg), 15s-fq2075TU",4.1 out of 5 stars,24,"41,490",https://m.media-amazon.com/images/I/71fvR6NCIFL._AC_UY218_.jpg
11,B08YRNPTM2,"AVITA Essential Refresh NE14A2INC43A-MB 14-inch/35.56 cm(Intel Celeron-N4020/4GB/128GB SSD/Windows 10 Home/FHD/Integrated Graphics), Matt Black",4.0 out of 5 stars,59,"18,990",https://m.media-amazon.com/images/I/61YdFkoR9dL._AC_UY218_.jpg
12,B095YWBXFH,"Lenovo V15 AMD 15.6-inch FHD Thin and Light Laptop (AMD Athlon Gold 3150U/ 4GB RAM/ 1TB HDD/ Windows 10 Home/Integrated AMD Radeon Graphics/ Iron Grey), 82C700JEIH",2.7 out of 5 stars,6,"27,800",https://m.media-amazon.com/images/I/71iISjw6lrS._AC_UY218_.jpg
13,B091FJ5WPQ,"HP Pavilion Gaming 10th Gen Intel Core i5 Processor 15.6-inch FHD Gaming Laptop (8GB/512GB SSD + 32GB Intel Optane/144 Hz/Win10/MS Office/NVIDIA GTX 1650 4GB/Shadow Black), 15-dk1148TX",4.3 out of 5 stars,816,"66,990",https://m.media-amazon.com/images/I/611VHOvjkES._AC_UY218_.jpg
14,B08C5WSTR6,"HP Chromebook x360 Intel Celeron N4020 Processor 12-inch (30.48 cms) Touchscreen Laptop (4GB/64GB eMMC Storage/Chrome OS/Natural Silver), 12b-ca0010TU",4.0 out of 5 stars,148,"29,999",https://m.media-amazon.com/images/I/71WDdKKrkEL._AC_UY218_.jpg
15,B0924PSV78,"RDP ThinBook 1010 - Intel Celeron Quad Core Processor, 4GB RAM, 64GB Storage, Windows 10 Pro, 14.1” HD Screen",3.9 out of 5 stars,79,"19,621",https://m.media-amazon.com/images/I/51C6EHkMQpS._AC_UY218_.jpg
16,B08T6THSMQ,"HP 15 (2021) Thin & Light Ryzen 3-3250 Laptop, 8 GB RAM, 1TB HDD + 256GB SSD, 15.6"" (39.2 cms) FHD Screen, Windows 10, MS Office (15s-gr0012AU)",4.1 out of 5 stars,726,"41,990",https://m.media-amazon.com/images/I/41mQtYQUzmL._AC_UY218_.jpg
17,B091FJ5WPQ,"HP Pavilion Gaming 10th Gen Intel Core i5 Processor 15.6-inch FHD Gaming Laptop (8GB/512GB SSD + 32GB Intel Optane/144 Hz/Win10/MS Office/NVIDIA GTX 1650 4GB/Shadow Black), 15-dk1148TX",4.3 out of 5 stars,816,"66,990",https://m.media-amazon.com/images/I/611VHOvjkES._AC_UY218_.jpg
18,B08T6SJ215,"HP 15 (2021) Thin & Light Ryzen 3-3250 Laptop, 8 GB RAM, 1TB HDD, 39.62 cms (15.6"") FHD Screen, Windows 10, MS Office (15s-gr0011AU)",3.8 out of 5 stars,863,"38,490",https://m.media-amazon.com/images/I/41mQtYQUzmL._AC_UY218_.jpg
19,B091NX3DRV,"Lenovo E41-45 (82BFS00300) Laptop (AMD A9-9425 / 4GB RAM/ 1TB HDD/ Win 10 Home SL/ 14 Inch Screen / Black), 1 Year Warranty",3.4 out of 5 stars,14,"26,804",https://m.media-amazon.com/images/I/41KXFM-iBES._AC_UY218_.jpg
20,B08DHZS1XQ,Lenovo 82C7A006IH V15 ADA Laptop (AMD Athlon Silver 3050U/4GB Ram/ 1TB HDD/ 15.6 inch HD AG/ Windows-10/Integrated AMD Radeon Graphics/ Iron Grey),3.3 out of 5 stars,93,"27,990",https://m.media-amazon.com/images/I/51RSK3t7tsL._AC_UY218_.jpg
21,B08C5W6PL2,"HP Chromebook 14a-na0003TU 14-inch (35.56 cms) Thin & Light Touchscreen Laptop (Intel N4020/4GB/64GB SSD + 256GB Expandable/Chrome OS/1.46 kgs Light), Mineral Silver",3.9 out of 5 stars,508,"27,721",https://m.media-amazon.com/images/I/613WULNEr1L._AC_UY218_.jpg
22,B094FWPPCP,"(Renewed) HP 14 (2021) Thin & Light Intel Celeron N4500 Laptop with Alexa Built-in, 8GB RAM, 256GB SSD, 14-inch HD Screen, Windows 10, MS Office (14s-dq3017TU)",3.5 out of 5 stars,3,"28,490",https://m.media-amazon.com/images/I/616KoIhP8SS._AC_UY218_.jpg
23,B08XY3QXY5,"HP 14 (2021) Thin & Light 11th Gen Core i3 Laptop, 8 GB RAM, 256GB SSD, 14-inch (35.56 cms) FHD Screen, Windows 10, MS Office, Built-in Alexa(14s-dy2500TU)",4.3 out of 5 stars,"1,575","41,393",https://m.media-amazon.com/images/I/71CiYVzgJsL._AC_UY218_.jpg
24,B095JW3CCX,"Lenovo V15 AMD 15.6-inch FHD Thin and Light Laptop (AMD Athlon Silver 3050 U/ 4GB RAM/ 1TB HDD/ DOS /Integrated AMD Radeon Graphics/ Iron Grey/ 1.85 kg), 82C700HXIH",3.3 out of 5 stars,11,"26,189",https://m.media-amazon.com/images/I/411HK-wMOES._AC_UY218_.jpg
25,B083SNGBLF,"HP 15 Thin & Light Ryzen 3-3250 Laptop, 4 GB RAM, 1TB HDD, 38.1 cms (15"") FHD Screen, Windows 10, MS Office (15s-gr0006au)",3.3 out of 5 stars,325,"32,954",https://m.media-amazon.com/images/I/719F8WdfBzL._AC_UY218_.jpg
26,B08XNYN5QV,"HP 15 (2021) Thin & Light 11th Gen Core i5 Laptop, 8 GB RAM, 512GB SSD, 15.6-inch (39.62 cms) FHD Screen, Windows 10, MS Office, Built-in Alexa (15s-fq2535TU)",4.2 out of 5 stars,"1,046","58,490",https://m.media-amazon.com/images/I/71uOkXZyteL._AC_UY218_.jpg
27,B08CZ2KNS4,"HP Pavilion Gaming 15.6-inch(39.62 cms) FHD Gaming Laptop (Ryzen 5-4600H/8GB/1TB HDD/M.2 Slot/Windows 10/NVIDIA GTX 1650 4GB/Shadow Black), 15-ec1024AX",4.1 out of 5 stars,381,"59,990",https://m.media-amazon.com/images/I/71FeUtw+TPL._AC_UY218_.jpg
28,B08HJZLW96,"HP 15 10th Gen Intel Core i3 Processor 15.6-inch(39.6 cm) FHD Laptop (8GB/256GB SSD+1TB HDD/Windows 10/MS Office/Jet Black/1.74Kg), 15s-du1064TU",4.2 out of 5 stars,207,"44,194",https://m.media-amazon.com/images/I/81Ne5qKmE8L._AC_UY218_.jpg
29,B08Q7Q3LZZ,"Lenovo E41-45 (82BF000EIH) Laptop (AMD A6-7350B/ 4GB RAM/ 1TB HDD/ DOS/ 14 Inch Screen), 1 Year Warranty",3.8 out of 5 stars,12,Currently Unavailable,https://m.media-amazon.com/images/I/41T2Oimq0AL._AC_UY218_.jpg
30,B08XNYH4LX,"HP 15 11th Gen Intel Core i3 Processor 15.6"" (39.62cms) FHD Laptop (8GB/512GB SSD/Win 10/MS Offce/Integrated Graphics/Natural Silver/1.69 Kg), 15s-fr2006TU",4.0 out of 5 stars,457,"45,490",https://m.media-amazon.com/images/I/71v8LZ7H+yL._AC_UY218_.jpg
31,B097RKZYGS,"ASUS VivoBook 14 (2020), 14-inch (35.56 cms) Full HD, AMD Ryzen 3 3250U, Thin and Light Laptop (4GB RAM/1TB HDD/Integrated Graphics/Windows 10/Slate Grey/1.6 kg), M415DA-EB301T",No Rating Available,0,"35,155",https://m.media-amazon.com/images/I/716bvqzz7PL._AC_UY218_.jpg
32,B08XNYH4LX,"HP 15 11th Gen Intel Core i3 Processor 15.6"" (39.62cms) FHD Laptop (8GB/512GB SSD/Win 10/MS Offce/Integrated Graphics/Natural Silver/1.69 Kg), 15s-fr2006TU",4.0 out of 5 stars,457,"45,490",https://m.media-amazon.com/images/I/71v8LZ7H+yL._AC_UY218_.jpg
33,B097RKZYGS,"ASUS VivoBook 14 (2020), 14-inch (35.56 cms) Full HD, AMD Ryzen 3 3250U, Thin and Light Laptop (4GB RAM/1TB HDD/Integrated Graphics/Windows 10/Slate Grey/1.6 kg), M415DA-EB301T",No Rating Available,0,"35,155",https://m.media-amazon.com/images/I/716bvqzz7PL._AC_UY218_.jpg
34,B094CD1DTL,"(Renewed) HP 15 (2021) Thin & Light Ryzen 3-3250 Laptop, 8 GB RAM, 1TB HDD, 38.1 cms (15"") FHD Screen, Windows 10, MS Office (15s-gr0011AU)",3.0 out of 5 stars,4,"33,500",https://m.media-amazon.com/images/I/41ReDqQSebL._AC_UY218_.jpg
35,B08MQ67ZX3,"Dell Inspiron 3501 15.6"" FHD Anti Glare Display Laptop ( i3-1005G1 / 4GB / 256 SSD / Integrated Graphics / 1 Yr NBD / Win 10 + MSO / Accent Black) D560397WIN9BE",4.0 out of 5 stars,15,"36,790",https://m.media-amazon.com/images/I/51jPUwqQTFL._AC_UY218_.jpg
36,B08PQPRD69,"HP 15 Thin & Light 15.6""(39.62cms) FHD Laptop (11th Gen Intel Core i5-1135G7, 8GB DDR4, 1TB HDD, Windows 10 Home, MS Office, Integrated Graphics, FPR, Natural Silver, 1.76 Kg), 15s-du3032TU",3.9 out of 5 stars,354,"56,390",https://m.media-amazon.com/images/I/71dbvTXW+hL._AC_UY218_.jpg
37,B08WBB369L,"HP Pavilion (2021) Thin & Light 11th Gen Core i5 Laptop, 16 GB RAM, 512GB SSD, Iris Xe Graphics, 14-inch (35.56 cms) FHD Screen, Win 10, MS Office, Backlit Keyboard, Natural Silver (14-dv0054TU)",4.4 out of 5 stars,519,"66,990",https://m.media-amazon.com/images/I/71hmqIQJFdL._AC_UY218_.jpg
38,B099JZ9TPV,"(Renewed) Lenovo Ideapad Slim 3i Intel Core i5 10th Gen 15.6 FHD Thin and Light Laptop (8GB/1TB+256 GB SSD/Windows 10/Office/Platinum Grey/1.85Kg), 81WE007XIN",No Rating Available,0,"42,593",https://m.media-amazon.com/images/I/619jLhrWsqS._AC_UY218_.jpg
39,B08R777GBL,"Dell 14 (2021) Thin & Light i3-1005G1 Laptop, 4Gb RAM, 1TB HDD + 256GB SSD, 14” (35.56 Cms) FHD AG Display, Win 10 + MSO, Black (Vostro 3401, D552151WIN9BE)",4.3 out of 5 stars,85,"39,190",https://m.media-amazon.com/images/I/8147cwFm2PL._AC_UY218_.jpg
40,B08X4JQ58G,"Dell Inspiron 3501 15"" FHD Display Laptop (i3-1005G1 / 8GB / 256GB SSD / Integrated Graphics / Win 10 + MSO / Accent Black) D560396WIN9BE",4.1 out of 5 stars,88,"39,893",https://m.media-amazon.com/images/I/51jPUwqQTFL._AC_UY218_.jpg
41,B093VZC5X9,"HP 14 (2021) 11th Gen Intel Core i3 Laptop with Alexa Built-in, 8GB RAM, 256GB SSD, 14-Inch (35.6 cm) FHD Screen, Windows 10, MS Office, (14s- dy2501tu)",4.3 out of 5 stars,157,"41,990",https://m.media-amazon.com/images/I/71bJqS8ZLTL._AC_UY218_.jpg
42,B091YK7PRH,"Acer Aspire 5 Intel Core i3 11th Generation 15.6"" (39.62 cms) - (4 GB/256 GB SSD/MS Office 2019/Windows 10 Home/Intel UHD Graphics /1.65Kg/Silver) A515-56",4.3 out of 5 stars,71,"38,990",https://m.media-amazon.com/images/I/71WbatK7HVL._AC_UY218_.jpg
43,B097C4VWF9,"(Renewed) Lenovo Thinkpad Hybrid Laptop X230 Intel Core i5 - 3320m Processor, 4 GB Ram & 256 GB SSD & 320GB HDD, Win10, 12.5 Inches 1.34 KG Ultralight Computer",No Rating Available,0,"26,989",https://m.media-amazon.com/images/I/61R6kEAt-9S._AC_UY218_.jpg
44,B08Q7JSR2F,"Lenovo E41-45 (82BF000JIH) Laptop (AMD A6-7350B/ 4GB RAM/ 1TB HDD/ Win 10 Home SL/ 14"" (35.56cms) Screen), 1 Year Warranty",3.9 out of 5 stars,57,"28,500",https://m.media-amazon.com/images/I/41T2Oimq0AL._AC_UY218_.jpg
45,B08X4NRJ9Q,"Dell Vostro 3400 14"" (35.56 cms) FHD Display Laptop (11th gen i5-1135G7 / 8GB / 512GB SSD / Integrated Graphics / Win 10 + MSO / Backlit Keyboard / Dune Color) D552173WIN9DE",4.7 out of 5 stars,7,"53,190",https://m.media-amazon.com/images/I/51CEknIIHcL._AC_UY218_.jpg
46,B09634WK1T,"Lenovo IdeaPad Slim 3 (2021) | 11th Gen Intel Core i3 |14"" FHD IPS |Thin & Light Laptop | 4-Side Narrow Bezel (8GB/256GB SSD/Win10/Office/Backlit KB/Fingerprint Reader/Arctic Grey/1.41Kg), 82H700KAIN",4.4 out of 5 stars,10,"43,990",https://m.media-amazon.com/images/I/61+gLXwdCgS._AC_UY218_.jpg
47,B098DSF15C,Acer Aspire 5 Thin & Light 11th Gen Core i5 Laptop (8 GB RAM/1 TB HDD/Windows 10/Intel Iris Xe Graphics/Backlit Keyboard/1.65Kg/Silver)- 15.6-inch(35.56 cms) FHD Screen A515-56,No Rating Available,0,"54,990",https://m.media-amazon.com/images/I/41a5nvLpbpS._AC_UY218_.jpg
48,B092HMYLLN,"HP 245 G8 AMD Ryzen 3 - 3300U 14 inch (35.56 cms) Laptop (4GB RAM/1TB HDD/Windows 10 /Radeon Vega 8 Graphics/NO ODD) 366C9PA (1.52kg,Dark ash Silver) 2021 Model",3.8 out of 5 stars,134,"33,990",https://m.media-amazon.com/images/I/3192ObJ8rZL._AC_UY218_.jpg
49,B092MRQCJ6,"Lenovo Legion Y540 Intel Core i7 9th Gen 15.6” FHD Gaming (8GB/256SSD + 1TBHDD/Win10/NVIDIA GeForce GTX 1650 4GB/Raven Black/2.3kg), 81SY00U7IN",4.3 out of 5 stars,73,"69,990",https://m.media-amazon.com/images/I/71zm3gbS9SL._AC_UY218_.jpg
50,B099KDGFWQ,Laptop Solution Sata Hard Disk Connector Cable Compatible for HP Compaq CQ43/G43/430/431/435/436/CQ57/630/631,No Rating Available,0,899,https://m.media-amazon.com/images/I/21Sr7eotPdS._AC_UY218_.jpg
51,B094CD1DTL,"(Renewed) HP 15 (2021) Thin & Light Ryzen 3-3250 Laptop, 8 GB RAM, 1TB HDD, 38.1 cms (15"") FHD Screen, Windows 10, MS Office (15s-gr0011AU)",3.0 out of 5 stars,4,"33,500",https://m.media-amazon.com/images/I/41ReDqQSebL._AC_UY218_.jpg
52,B08RXZCXH6,"Dell Vostro 3400 14"" (35.56 cms) FHD Anti Glare Display Laptop (11th Gen i5-1135G7 / 8GB / 1TB / Integrated Graphics / Win 10 + MS Office / Black/ 1.58Kg) D552154WIN9BE",3.7 out of 5 stars,74,"52,490",https://m.media-amazon.com/images/I/8147cwFm2PL._AC_UY218_.jpg
53,B094XK1B8P,"Lenovo IdeaPad Gaming 3 Intel Core i5 10th Gen 15.6-inch FHD 120Hz IPS Gaming Laptop (8GB/1TB HDD +256GB SSD/Windows 10/NVIDIA GTX 1650 4GB GDDR6/Onyx Black/2.2Kg), 81Y4017TIN",3.9 out of 5 stars,12,"62,990",https://m.media-amazon.com/images/I/61fpo-87DyL._AC_UY218_.jpg
54,B08P7M9Y59,"Lenovo IdeaPad D330 Intel Celeron N4000 10.1 inch HD IPS 2-in-1 Touchscreen Detachable Laptop (4GB/128GB eMMC/Win10/Active Pen Stylus/Front +Rear Camera/HD Audio/Mineral Grey/1.14Kg, 81H3S01S00)",3.9 out of 5 stars,87,Currently Unavailable,https://m.media-amazon.com/images/I/61+ZQMKTj0L._AC_UY218_.jpg
55,B07SVPSDDM,"Lenovo Ideapad D330-10IGM with Keyboard 4 GB RAM 64 GB ROM 10.1 inch with Wi-Fi Only Tablet (Mineral Grey), 81H3S01W00",5.0 out of 5 stars,1,"25,990",https://m.media-amazon.com/images/I/61+ZQMKTj0L._AC_UY218_.jpg
56,B0928PGBLM,"HP Pavilion x360 10th Gen Intel Core i3 Touchscreen 2-in-1 14-inch(35.6 cm) FHD Laptop (8GB/512GB SSD/Windows 10/MS Office/Warm Gold/1.58 kg), 14-dh1502TU",4.4 out of 5 stars,714,"50,890",https://m.media-amazon.com/images/I/617clKqAqiL._AC_UY218_.jpg
57,B08NXRZJYR,"Dell Inspiron 15 (3501) 15.6"" (39.62cms) FHD Display, 10th Generation Intel Core i3, 8GB RAM, 1 TB HDD, Windows (R) 10 Home Single Language, English Microsoft (R) O&S 2019 (Black) (998-ENDP)",3.7 out of 5 stars,197,"40,399",https://m.media-amazon.com/images/I/719vIKTyr6L._AC_UY218_.jpg
58,B092MTLNBB,"Lenovo IdeaPad L340 Intel Core i5 9th Gen 15.6"" FHD Gaming Laptop (8GB/1TB HDD/Windows 10/NVIDIA GeForce GTX 10503GB GDDR5/Granite Black/2.19kg), 81LK01QTIN",3.9 out of 5 stars,128,"49,990",https://m.media-amazon.com/images/I/81oeSUav6lL._AC_UY218_.jpg
59,B08R777GBL,"Dell 14 (2021) Thin & Light i3-1005G1 Laptop, 4Gb RAM, 1TB HDD + 256GB SSD, 14” (35.56 Cms) FHD AG Display, Win 10 + MSO, Black (Vostro 3401, D552151WIN9BE)",4.3 out of 5 stars,85,"39,190",https://m.media-amazon.com/images/I/8147cwFm2PL._AC_UY218_.jpg
60,B08TBVBKN5,"HP Notebook PC 245 G7 14"" (35.56cms) Laptop ATHLON-3050U/4GB/1TB/Windows 10 Home/ 1 Year Warranty (21Z04PA)",3.4 out of 5 stars,97,Currently Unavailable,https://m.media-amazon.com/images/I/61M2uHOa9vL._AC_UY218_.jpg
61,B097SZMNQH,"Dell Inspiron 3501 15.6"" FHD Display Laptop (i3-1115G4 / 4GB / 256GB SSD / Integrated Graphics / Win10 + MSO / Accent Black) D560492WIN9BE",No Rating Available,0,"38,890",https://m.media-amazon.com/images/I/51jPUwqQTFL._AC_UY218_.jpg
62,B08PQPRD69,"HP 15 Thin & Light 15.6""(39.62cms) FHD Laptop (11th Gen Intel Core i5-1135G7, 8GB DDR4, 1TB HDD, Windows 10 Home, MS Office, Integrated Graphics, FPR, Natural Silver, 1.76 Kg), 15s-du3032TU",3.9 out of 5 stars,354,"56,390",https://m.media-amazon.com/images/I/71dbvTXW+hL._AC_UY218_.jpg
63,B095S8HPMY,"Dell Inspiron 7415 14"" FHD Touch Display 2in1 Laptop (R5 5500U / 8GB / 512GB SSD / Integrated Graphics / Win 10 + MSO / Backlit KB + FPR + Active Pen /Pebble Metal Color) D560470WIN9P",4.1 out of 5 stars,6,"66,390",https://m.media-amazon.com/images/I/514FlU4YKBS._AC_UY218_.jpg
64,B0928PGBLM,"HP Pavilion x360 10th Gen Intel Core i3 Touchscreen 2-in-1 14-inch(35.6 cm) FHD Laptop (8GB/512GB SSD/Windows 10/MS Office/Warm Gold/1.58 kg), 14-dh1502TU",4.4 out of 5 stars,714,"50,890",https://m.media-amazon.com/images/I/617clKqAqiL._AC_UY218_.jpg
65,B08JMMHZLN,"ASUS VivoBook 14 (2020) Intel Core i5-1035G1 10th Gen 35.56 cm FHD Thin and Light Laptop (8GB/512GB NVMe SSD/Integrated Graphics/Windows 10/MS Office 2019/Transparent Silver/1.6 kg), X415JA-EK094TS",3.9 out of 5 stars,245,"49,990",https://m.media-amazon.com/images/I/71WuDXpTAlL._AC_UY218_.jpg
66,B092MTLNBB,"Lenovo IdeaPad L340 Intel Core i5 9th Gen 15.6"" FHD Gaming Laptop (8GB/1TB HDD/Windows 10/NVIDIA GeForce GTX 10503GB GDDR5/Granite Black/2.19kg), 81LK01QTIN",3.9 out of 5 stars,128,"49,990",https://m.media-amazon.com/images/I/81oeSUav6lL._AC_UY218_.jpg
67,B096359ZZG,"Lenovo IdeaPad Slim 3 (2021) | 11th Gen Intel Core i5 |15.6"" Full HD Thin and Light Laptop | 4-Side Narrow Bezel (8GB/512GB SSD/Windows 10/Office/Backlit Keyboard/Arctic Grey/1.65Kg), 82H8014BIN",4.1 out of 5 stars,20,"57,990",https://m.media-amazon.com/images/I/61pwrivrfUS._AC_UY218_.jpg
68,B08S3MGDS3,"HP 15 11th Gen Intel Core i3 Processor 15.6"" (39.62cms) FHD Laptop with Alexa Built-in(i3-1115G4/8GB/1TB HDD/M.2 Slot/Win 10/MS Office/Natural Silver/1.76 Kg), 15s-du3038TU",3.6 out of 5 stars,177,"42,490",https://m.media-amazon.com/images/I/4157paly7gL._AC_UY218_.jpg
69,B097C2JJ1R,"Dell Inspiron 3501 15.6"" FHD Display Laptop (i5-1135G7 / 8GB / 1TB HDD + 256GB SSD / Integrated Graphics / Win10 + MSO / Backlit KB / Soft Mint Color) D560559WIN9S",No Rating Available,0,"58,290",https://m.media-amazon.com/images/I/61zbf9g+VDS._AC_UY218_.jpg
70,B095KJN2TT,"HP 255 G8 Laptop 3K9U2PA (AMD Ryzen 3-3300/4GB Ram/ 512 GB SSD/ 15.6"" Inch HD/ Windows 10 Home / Dark Ash Black / 1 Year Warranty)",4.8 out of 5 stars,6,"36,171",https://m.media-amazon.com/images/I/61hnwJ-goZS._AC_UY218_.jpg
71,B08JQJS9SB,"HP Notebook 250 G7 Laptop 2A9A5PA#ACJ (Intel Celeron N4020/4GB Ram/1TB HDD/15.6 inch HD/Windows 10/Intel UHD Graphics/1.78Kg),Dark Ash Silver",3.7 out of 5 stars,83,"29,292",https://m.media-amazon.com/images/I/91KI7EcBzKL._AC_UY218_.jpg
72,B08HJJKDSH,"Lenovo V15 AMD Ryzen 5 15.6""(39.62cms) FHD Thin and Light Laptop (8GB/1TB HDD/Windows 10/AMD Radeon Vega 8 Graphics/Iron Grey/1.85Kg), 82C7003PIH",3.7 out of 5 stars,154,"42,179",https://m.media-amazon.com/images/I/61U0JQ6HnHL._AC_UY218_.jpg
73,B097C2NN72,"Dell Insprion 3505 15.6"" FHD Display Laptop (R5-3450U / 8GB / 256GB SSD / Vega 8 Graphics / Win10 + MSO / Accent Black) D560485WIN9BE",No Rating Available,0,"41,690",https://m.media-amazon.com/images/I/51MKXqHKBQL._AC_UY218_.jpg
74,B08MQ9KNGR,"Dell Vostro 3401 14"" FHD Anti Glare Display Laptop / i3-1005G1 / 4GB / 1TB + 256GB SSD/ Integrated Graphics / 1 Yr NBD / Win 10 + Office H&S/ Black) D552127WIN9DE",4.2 out of 5 stars,109,"39,290",https://m.media-amazon.com/images/I/8147cwFm2PL._AC_UY218_.jpg
75,B08WLR5NNR,"Acer Aspire 3 Ryzen 3 3200U 15.6"" (39.62cms) - (4 GB/1TB HDD/Windows 10 Home/AMD Radeon Vega 3 Mobile Graphics /1.9Kg/Black) A315-42",3.4 out of 5 stars,47,"31,990",https://m.media-amazon.com/images/I/718QD+zGlCL._AC_UY218_.jpg
76,B099KDGFWQ,Laptop Solution Sata Hard Disk Connector Cable Compatible for HP Compaq CQ43/G43/430/431/435/436/CQ57/630/631,No Rating Available,0,899,https://m.media-amazon.com/images/I/21Sr7eotPdS._AC_UY218_.jpg
77,B08VMYG235,"(Renewed) HP 15s-du1052tu Intel Pentium 15.6-Inch (39.62 cms) 1366 x 768 Pixels Laptop (4/1 TB/Windows 10 Home/Black/1.74 Kg), 1V4G6PA",5.0 out of 5 stars,1,"26,300",https://m.media-amazon.com/images/I/61MpF560n4L._AC_UY218_.jpg
78,B0966TPMRP,HP 250 G8 Notebook PC (3D4T7PA) CORE I3-1005G1/4 DDR4 Ram / 512GB SSD/Windows 10/15.6 inch HD/Intel UHD Graphics /NO ODD/1 Year ONSITE,4.5 out of 5 stars,2,"37,990",https://m.media-amazon.com/images/I/71tPBCVnKgS._AC_UY218_.jpg
79,B08NTVZMWD,"MSI Modern 15, Intel 10th Gen. i5-10210U, 15.6"" (39.62cms) FHD Laptop (8GB/512GB NVMe SSD/Windows 10 Home/Carbon Grey/1.6Kg), A10M-482IN",3.2 out of 5 stars,6,"63,237",https://m.media-amazon.com/images/I/71jFEA4IoEL._AC_UY218_.jpg
80,B08NTVZMWD,"MSI Modern 15, Intel 10th Gen. i5-10210U, 15.6"" (39.62cms) FHD Laptop (8GB/512GB NVMe SSD/Windows 10 Home/Carbon Grey/1.6Kg), A10M-482IN",3.2 out of 5 stars,6,"63,237",https://m.media-amazon.com/images/I/71jFEA4IoEL._AC_UY218_.jpg
81,B08CHWNVNH,"HP 14 10th Gen Intel Core i3 Processor 14"" (35.56cms) FHD Laptop (4GB/1TB HDD/Windows 10 Home/MS Office/Natural Silver/1.47Kg), 14s-cf3006tu",3.4 out of 5 stars,209,"37,890",https://m.media-amazon.com/images/I/71t9reLNFrL._AC_UY218_.jpg
82,B08VRSHJKL,"Dell Inspiron 3501 15.6-inch FHD Laptop (11th Gen Core i5-1135G7/8GB/1TB + 256GB SSD/Windows 10 + MS Office 2019/Backlit KB), Soft Mint",3.6 out of 5 stars,23,"61,999",https://m.media-amazon.com/images/I/51CYuZNUcoL._AC_UY218_.jpg
83,B08MB4PXCW,"Dell Inspiron 3501 15.6-inch FHD Laptop (10th Gen Core i3/8GB/1TB HDD/Windows 10 + MS Office 2019/Intel HD Graphics/1.83 kg), Silver",3.7 out of 5 stars,76,"43,150",https://m.media-amazon.com/images/I/51CYuZNUcoL._AC_UY218_.jpg
84,B08XBZBFCQ,"HP Pavilion (2021) 11th Gen Core i5 Laptop, 16 GB RAM, 2GB NVIDIA Graphics, 512GB SSD, 15.6""(39.62cms) FHD Screen, Windows 10, MS Office, Finger Print Reader, Alexa Built-in (15-eg0103TX)",4.4 out of 5 stars,138,Currently Unavailable,https://m.media-amazon.com/images/I/51sbPFGXFqL._AC_UY218_.jpg
85,B095KMNZCW,"Lenovo IdeaPad Slim 5 AMD Ryzen 7 5700U 15.6"" FHD IPS Thin & Light Laptop (16GB/512GB SSD/Win 10/Office/AMD Radeon Graphics/Fingerprint Reader/Graphite Grey/Aluminium Surface/1.66Kg), 82LN00A3IN",4.4 out of 5 stars,58,"69,490",https://m.media-amazon.com/images/I/71jP9Frsr6L._AC_UY218_.jpg
86,B092MS22P1,"HP 14 11th Gen Intel Core i5 Processor 14-inch(35.6 cm) FHD Laptop (8GB/512GB/Windows 10/MS Office/Natural Silver/1.46Kg), 14s-dr2016tu",4.1 out of 5 stars,274,"61,980",https://m.media-amazon.com/images/I/71bJqS8ZLTL._AC_UY218_.jpg
87,B08BXZLKN4,"Lenovo V14 Intel Core i5 10th Gen 14"" (35.56cms) Full HD Thin and Light Laptop (8GB RAM/ 1TB HDD/ Windows 10 Home/ Grey/ 1.6 kg), 82C4016PIH",3.6 out of 5 stars,76,"48,790",https://m.media-amazon.com/images/I/71iyJJMr-NL._AC_UY218_.jpg
88,B08X4NKYH5,"Dell Inspiron 5406 14"" (35.56 cms) FHD Display 2in1 Laptop (11th Gen i3-1115G4 / 4GB / 256GB SSD / Integrated Graphics/ Win 10 + MS Office / Backlit with FPR / Platinum Silver) D560446WIN9S",3.8 out of 5 stars,25,"47,490",https://m.media-amazon.com/images/I/51XJpBuNEUL._AC_UY218_.jpg
89,B08ZN6KNP1,"HP Pavilion Gaming 10th Gen Intel Core i5 Processor 15.6-inch FHD Gaming Laptop (8GB/512GB SSD + 32GB Intel Optane/Windows 10/NVIDIA 1650Ti 4GB/Shadow Black), 15-dk1508TX",4.4 out of 5 stars,40,"68,990",https://m.media-amazon.com/images/I/611VHOvjkES._AC_UY218_.jpg
90,B08W2X72V2,"HP 15 11th Gen Intel Core i3 Thin & Light 15.6-inch (39.62 cms) FHD Laptop (4GB DDR4/1TB HDD/M.2 Slot/Windows 10 Home/MS Office/Jet Black/1.76 Kg), 15s-du3053TU",3.4 out of 5 stars,"1,201","38,990",https://m.media-amazon.com/images/I/81Ne5qKmE8L._AC_UY218_.jpg
91,B096SLFV5G,"Lenovo IdeaPad Slim 5 11th Gen Intel Core i5 15.6"" FHD IPS Thin & Light Laptop (16GB/512GB SSD/Win 10/Office/Integrated Iris Xe Graphics/Fingerprint Reader/Graphite Grey/1.66Kg), 82FG0125IN",4.3 out of 5 stars,264,"66,990",https://m.media-amazon.com/images/I/61WNxdAeAoL._AC_UY218_.jpg
92,B07THW9WFM,"HP 14 Laptop 14"" (35.56cms) (Ryzen 5 3500U/8GB/1TB HDD + 256GB SSD/Win 10/Microsoft Office 2019/Radeon Vega 8 Graphics), DK0093AU",4.4 out of 5 stars,854,Currently Unavailable,https://m.media-amazon.com/images/I/81w4VMSLLzL._AC_UY218_.jpg
93,B097SZMNQH,"Dell Inspiron 3501 15.6"" FHD Display Laptop (i3-1115G4 / 4GB / 256GB SSD / Integrated Graphics / Win10 + MSO / Accent Black) D560492WIN9BE",No Rating Available,0,"38,890",https://m.media-amazon.com/images/I/51jPUwqQTFL._AC_UY218_.jpg
94,B098TH4RJN,(Renewed) Lenovo ThinkPad 14 inch (35.56 cm) HD Laptop (Core i5 6th Gen/8 GB RAM/1 TB HDD/Windows 10 Pro/MS Office 19/Webcam/USB 3.0/Wifi/BT/Cardreader/Pan India Warranty/Integrated Graphics),No Rating Available,0,"38,999",https://m.media-amazon.com/images/I/51OKVljVlsS._AC_UY218_.jpg
95,B095YBZWK4,"HP 15 (2021) Thin & Light Ryzen 5 3500U Laptop, 8GB RAM, 512GB SSD, 39.62 cms (15.6"") FHD Screen, Windows 10, MS Office, Natural Silver (15s-gr0500AU)",No Rating Available,More Buying Choices,"49,003",https://m.media-amazon.com/images/I/615+O+rJemL._AC_UY218_.jpg
96,B096SLFV5G,"Lenovo IdeaPad Slim 5 11th Gen Intel Core i5 15.6"" FHD IPS Thin & Light Laptop (16GB/512GB SSD/Win 10/Office/Integrated Iris Xe Graphics/Fingerprint Reader/Graphite Grey/1.66Kg), 82FG0125IN",4.3 out of 5 stars,264,"66,990",https://m.media-amazon.com/images/I/61WNxdAeAoL._AC_UY218_.jpg
97,B07THW9WFM,"HP 14 Laptop 14"" (35.56cms) (Ryzen 5 3500U/8GB/1TB HDD + 256GB SSD/Win 10/Microsoft Office 2019/Radeon Vega 8 Graphics), DK0093AU",4.4 out of 5 stars,854,Currently Unavailable,https://m.media-amazon.com/images/I/81w4VMSLLzL._AC_UY218_.jpg
98,B097SZMNQH,"Dell Inspiron 3501 15.6"" FHD Display Laptop (i3-1115G4 / 4GB / 256GB SSD / Integrated Graphics / Win10 + MSO / Accent Black) D560492WIN9BE",No Rating Available,0,"38,890",https://m.media-amazon.com/images/I/51jPUwqQTFL._AC_UY218_.jpg
99,B095YBZWK4,"HP 15 (2021) Thin & Light Ryzen 5 3500U Laptop, 8GB RAM, 512GB SSD, 39.62 cms (15.6"") FHD Screen, Windows 10, MS Office, Natural Silver (15s-gr0500AU)",No Rating Available,More Buying Choices,"49,003",https://m.media-amazon.com/images/I/615+O+rJemL._AC_UY218_.jpg
100,B0919HGZXG,"Dell Inspiron 3505 15.6"" FHD Display Laptop (R5-3450U / 8GB / 1TB + 256Gb SSD / Vega Graphics / Win 10 + MSO / Soft Mint Color) D560432WIN9S",3.6 out of 5 stars,13,"49,380",https://m.media-amazon.com/images/I/61jHjlv1YjS._AC_UY218_.jpg
101,B08WRL9GQW,"Lenovo IdeaPad L340 9th Gen Intel Core i5 15.6"" (39.62cms) Full HD IPS Gaming Laptop (8GB/1TB HDD/Windows 10/NVIDIA GTX 1050 3GB GDDR5 Graphics/Granite Black/2.2Kg), 81LK01QNIN",3.9 out of 5 stars,23,"52,990",https://m.media-amazon.com/images/I/81oeSUav6lL._AC_UY218_.jpg
102,B08RWHBFVH,Lenovo V15-ADA (82C7S02V00) Laptop (AMD Athlon Silver 3050U/ 4GB RAM/ 1TB HDD/ Windows 10 Pro/ Integrated Graphics/ 15.6 Inch/ 3 Years Warranty) Iron Grey,2.0 out of 5 stars,1,"27,750",https://m.media-amazon.com/images/I/51RSK3t7tsL._AC_UY218_.jpg
103,B095S8HPMY,"Dell Inspiron 7415 14"" FHD Touch Display 2in1 Laptop (R5 5500U / 8GB / 512GB SSD / Integrated Graphics / Win 10 + MSO / Backlit KB + FPR + Active Pen /Pebble Metal Color) D560470WIN9P",4.1 out of 5 stars,6,"66,390",https://m.media-amazon.com/images/I/514FlU4YKBS._AC_UY218_.jpg
104,B08SRDW9ZT,"HP Pavilion x360 (2021) 14"" (35.56cms) FHD Touchscreen Laptop, 11th Gen Core i3, 8 GB RAM, 256GB SSD, 2-in-1 Convertible, Windows 10, MS Office, Finger Print Reader (14-dw1036TU)",4.2 out of 5 stars,161,"50,993",https://m.media-amazon.com/images/I/61EQwsTKioL._AC_UY218_.jpg
105,B08WRQQ8VP,"Lenovo IdeaPad Flex 5 11th Gen Intel Core i3 14-inch FHD IPS 2-in-1 Touchscreen Laptop (8GB/512GB SSD/Win 10/Office 2019/Lenovo Digital Pen Stylus/Fingerprint Reader/Graphite Grey/1.5Kg), 82HS009GIN",4.0 out of 5 stars,69,"54,502",https://m.media-amazon.com/images/I/61ta6vDkCRL._AC_UY218_.jpg
106,B08SRC4JMD,"HP Pavilion x360 (2021) 14"" (35.56cms) FHD Touchscreen Laptop, 11th Gen Core i3, 8 GB RAM, 512GB SSD, 2-in-1 Convertible, Windows 10, MS Office, Finger Print Reader (14-dw1037TU)",4.4 out of 5 stars,109,"55,994",https://m.media-amazon.com/images/I/61EQwsTKioL._AC_UY218_.jpg
107,B08Q6B4X7N,"Asus Vivobook M515DA-EJ001T- AMD Athlon Silver 3050U, 2.3 GHz / 4GB DDR4 / 1TB HDD / 15.6"" FHD / AMD Radeon™ Integrated Graphics / Windows 10 Home / 1Yr Warranty / Grey",3.5 out of 5 stars,37,"32,490",https://m.media-amazon.com/images/I/71WBuynYfiL._AC_UY218_.jpg
108,B08R3Y9WP3,"Dell Inspiron 3501 15.6-inch FHD Laptop (10th Gen Core i3/8GB/1TB HDD + 256GB SSD/Windows 10 + MS Office 2019/Intel HD Graphics/1.83 kg), Black",3.4 out of 5 stars,21,"45,890",https://m.media-amazon.com/images/I/81S+9npA5oL._AC_UY218_.jpg
109,B098TW3NZ9,"(Renewed) Dell Intel Core i7 6th Gen 14-Inch(35.56 cms) (1920 x 1080) Laptop (8GB RAM/256GB SSD/Windows 10 Pro/MS Office/Intel Integrated HD Graphics /1.5Kg,Black) Latitude E5470",No Rating Available,0,"49,999",https://m.media-amazon.com/images/I/51+WXHpfUKS._AC_UY218_.jpg
110,B095KQ1G3X,"Lenovo IdeaPad Gaming 3 AMD Ryzen 5 4600H 15.6"" (39.62cms) Full HD IPS 120Hz Gaming Laptop (8GB/512GB SSD/Windows 10/NVIDIA GTX 1650 4GB GDDR6 Graphics/Onyx Black/2.2Kg), 82EY00UAIN",4.4 out of 5 stars,132,"61,993",https://m.media-amazon.com/images/I/61TlKHyOHLL._AC_UY218_.jpg
111,B093L3TV59,"HP 14 (2021) Thin & Light 11th Gen Intel Core i3 Laptop with Alexa Built-in, 8GB RAM, 512GB SSD, 14-inch FHD Screen, Windows 10, MS Office (14s-dr2015TU)",3.8 out of 5 stars,37,"47,888",https://m.media-amazon.com/images/I/71bJqS8ZLTL._AC_UY218_.jpg
112,B08P8JCWM2,"HP 15 (2021) Thin & Light 11th Gen Core i5 Laptop, Iris Xe Graphics, 8 GB RAM, 1TB SSD, 15"" (38.1 cms) FHD Screen, Windows 10, MS Office, Alexa Built-in (15s-fr2005tu)",4.3 out of 5 stars,110,"67,998",https://m.media-amazon.com/images/I/81SdJG3OUjL._AC_UY218_.jpg
113,B08CQG6PDK,"Lenovo Ideapad Slim 3 AMD Athlon Silver 3050U 15.6"" (39.62cms) (15.6"")HD Thin and Light Laptop (4GB/1TB HDD/Windows 10/MS Office 2019/Platinum Grey/1.85Kg), 81W100HKIN",3.6 out of 5 stars,447,Currently Unavailable,https://m.media-amazon.com/images/I/61Dw5Z8LzJL._AC_UY218_.jpg
114,B08YRNVXN1,"AVITA Essential Refresh NE14A2INC44A-CR 14-inch/35.56 cm(Intel Celeron-N4020/4GB/256GB SSD/Windows 10 Home/FHD/Integrated Graphics), Concrete Grey",3.9 out of 5 stars,17,"22,199",https://m.media-amazon.com/images/I/61NsZ6UrfPL._AC_UY218_.jpg
115,B095N3BGWP,"(Renewed) Acer Nitro 5 Ryzen 5 4600H 15.6-inch Display Thin and Light Gaming Laptop (16GB RAM/512 GB SSD/Win10/GTX 1650 Graphics/Obsidian Black/2.3 Kgs), AN515-44 + Xbox Game Pass for PC",No Rating Available,0,"55,992",https://m.media-amazon.com/images/I/619kfBTu+ZS._AC_UY218_.jpg
116,B08PQR77JB,"ASUS VivoBook Ultra 15 (2020) Intel Core i3-1115G4 11th Gen, 15.6-inch (39.62 cms) FHD T&L Laptop (8GB RAM/256GB NVMe SSD/Windows 10/Office 2019/Integrated Graphics/Star Black/1.8 Kg), X513EA-BQ312TS",4.4 out of 5 stars,90,"43,990",https://m.media-amazon.com/images/I/612rSZsXxyL._AC_UY218_.jpg
117,B08BY24TMR,"Lenovo V15 Intel Core i3 10th Gen 15.6-inch HD Thin and Light Laptop (i3-1005G1/ 4GB RAM/ 1TB HDD/ Windows 10 Home/ Iron Grey/ 1.85 kg), 82C500PXIH",3.3 out of 5 stars,30,"37,500",https://m.media-amazon.com/images/I/71cd41RWSNL._AC_UY218_.jpg
118,B095S7WMDZ,"Dell 14 (2021) i5-1135G7 2in1 Touch Screen Laptop, 16Gb RAM, 512Gb SSD, 14” (35.56 cms) FHD Display, Win 10 + MSO, Backlit KB + FPR + Active Pen, Silver Metal Color (Inspiron 5410, D560477WIN9S)",3.7 out of 5 stars,4,"72,790",https://m.media-amazon.com/images/I/61E8IwFfGrS._AC_UY218_.jpg
119,B08JMMP9XJ,"ASUS VivoBook 14 (2020) Intel Core i5-1035G1 10th Gen 14-inch (35.56 cms) FHD T&L Laptop (8GB/1TB HDD + 256GB SSD/2GB GeForce MX130 Graphics/Windows 10/MS Office 2019/Silver/1.6 kg), X415JF-EK522TS",3.9 out of 5 stars,58,"55,990",https://m.media-amazon.com/images/I/71WuDXpTAlL._AC_UY218_.jpg
120,B089F2W1KW,"Mi Notebook Horizon Edition 14 Intel Core i7-10510U 10th Gen 14-inch (35.56 cms) Thin and Light Laptop(8GB/512GB SSD/Windows 10/Nvidia MX350 2GB Graphics/Grey/1.35Kg), XMA1904-AF+Webcam",4.4 out of 5 stars,966,"59,999",https://m.media-amazon.com/images/I/712rw0zcH8L._AC_UY218_.jpg
121,B08PPZG85B,"HP 15 Thin & Light 15.6"" (39.62cms) FHD Laptop (11th Gen Intel Core i5-1135G7, 8GB DDR4, 256GB SSD + 1TB HDD, Win 10 Home, MS Office, 2GB MX350 Graphics, FPR, Natural Silver, 1.76 Kg), 15s-du3047TX",3.9 out of 5 stars,158,"67,300",https://m.media-amazon.com/images/I/71dbvTXW+hL._AC_UY218_.jpg
122,B094YCYXPZ,"(Renewed) HP 14 (2021) Thin & Light 11th Gen Core i3 Laptop, 8 GB RAM, 256GB SSD, 14-inch (35.56 cms) FHD Screen, Windows 10, MS Office, Built-in Alexa",No Rating Available,0,"37,990",https://m.media-amazon.com/images/I/616KoIhP8SS._AC_UY218_.jpg
123,B091S4GXDR,"Dell Vostro 3400 14"" FHD Anti Glare Display Laptop (11th Gen i5-1135G7 / 8GB / 1TB / Integrated Graphics / Win 10 + MS Office / Black/ 1.58Kg) + DELL CITYLIFE Briefcase 15",No Rating Available,0,"53,818",https://m.media-amazon.com/images/I/71ZBWaCeExS._AC_UY218_.jpg
124,B08Y6XG7K1,"Dell Inspiron 3501 15.6-inch FHD Laptop (11th Gen Core i5-1135G7/8GB/1TB HDD/Windows 10 + MS Office 2019), Soft Mint",3.8 out of 5 stars,20,"58,359",https://m.media-amazon.com/images/I/51x4N8lvoVL._AC_UY218_.jpg
125,B088263LQY,"AVITA Magus Lite NS12T5IN008P 12.2-inch Laptop (Apollo Lake Celeron N3350/4GB/64GB SSD/Windows 10 Home/Intel HD 500 Graphics), Pastel Violet",3.1 out of 5 stars,38,"19,500",https://m.media-amazon.com/images/I/51z0Sd72wTL._AC_UY218_.jpg
126,B08S4R2L5T,"ASUS VivoBook Ultra K14 (2020), Intel Core i5-1035G1 10th Gen, 14"" (35.56cms) FHD Thin and Light Laptop (8GB RAM/512GB SSD/Windows 10/Integrated Graphics/Transparent Silver/1.4 kg), K413JA-EK286T",4.3 out of 5 stars,8,"57,990",https://m.media-amazon.com/images/I/61d9J+Af64L._AC_UY218_.jpg
127,B091S4BCPG,"Dell Vostro 3401 14"" FHD Anti Glare Display Laptop (i3-1005G1 / 8GB / 1TB / Integrated Graphics / 1 Yr NBD / Win 10 + MS Office/ Dune Color/1.58Kg) + DELL CITYLIFE Briefcase 15",3.7 out of 5 stars,197,"40,318",https://m.media-amazon.com/images/I/61I48jLZ2ZS._AC_UY218_.jpg
128,B0928T6QM3,"HP 15 11th Gen Intel Core i5 Processor 15.6-inch(39.6 cm) FHD Laptop with Alexa Built-in(8GB/512GB SSD/Windows 10/2GB MX350 Graphics/Natural Silver/1.75Kg), 15s-dr3500TX",4.2 out of 5 stars,60,"64,990",https://m.media-amazon.com/images/I/81pG0gZywML._AC_UY218_.jpg
129,B08P1LGK4F,"HP 245 G7 Commercial Laptop (ATHLON-3050U, 4GB RAM, 1TB HDD, DOS - Doesn't Come with Windows), 1S5E8PA - for Small and Medium Business",3.6 out of 5 stars,14,Currently Unavailable,https://m.media-amazon.com/images/I/71gXx08SMWL._AC_UY218_.jpg
130,B094XK1B8P,"Lenovo IdeaPad Gaming 3 Intel Core i5 10th Gen 15.6-inch FHD 120Hz IPS Gaming Laptop (8GB/1TB HDD +256GB SSD/Windows 10/NVIDIA GTX 1650 4GB GDDR6/Onyx Black/2.2Kg), 81Y4017TIN",3.9 out of 5 stars,12,"62,990",https://m.media-amazon.com/images/I/61fpo-87DyL._AC_UY218_.jpg
131,B091TWZF2Y,HP 255 G8 Laptop 3K1G7PA (AMD Ryzen 5-3500U/ 8GB Ram/ 1TB HDD/15.6 inch HD/DOS/AMD Radeon Vega 8 Graphics/ Dark Ash Silver/1.74Kg),3.1 out of 5 stars,5,"40,974",https://m.media-amazon.com/images/I/71wPIewwjHL._AC_UY218_.jpg
132,B094XF92HG,"Lenovo IdeaPad Gaming 3 Intel Core i5 10th Gen 15.6-inch FHD 120Hz IPS Gaming Laptop (8GB/512 SSD/Windows 10/NVIDIA GTX 1650 4GB GDDR6/Onyx Black/2.2Kg), 81Y4017UIN",4.0 out of 5 stars,2,"62,039",https://m.media-amazon.com/images/I/61fpo-87DyL._AC_UY218_.jpg
133,B0925SF652,(Renewed) Lenovo ThinkPad High Performance 14 inch HD Light Laptop (Core I5 5200U/16 GB/512 GB SSD/Win 10 Pro/Office 2019/Webcam/USB 3.0/SIM/BT/Cardreader/TPM/Integrated Graphics),No Rating Available,0,"42,999",https://m.media-amazon.com/images/I/618FguGul3L._AC_UY218_.jpg
134,B08X4P5TVN,"Dell Vostro 3405 14"" (35.56 cms) FHD Display Laptop (R5-3500U / 8GB / 512GB SSD / Integrated Graphics / Win 10 + MSO / Dune Color) D552166WIN9DE",4.1 out of 5 stars,39,"46,190",https://m.media-amazon.com/images/I/51CEknIIHcL._AC_UY218_.jpg
135,B08XY3843B,"HP 15 (2021) Thin & Light 11th Gen Core i3 Laptop, 8 GB RAM, 1TB HDD, M.2 Slot, 15.6-inch (39.62 cms) FHD Screen, Windows 10, MS Office, (15s-dy3001TU)",3.9 out of 5 stars,741,Currently Unavailable,https://m.media-amazon.com/images/I/81Ne5qKmE8L._AC_UY218_.jpg
136,B08VGTNZ36,HP 15s-gr0006au Laptop 21W92PA (AMD Ryzen 3-3250U/4GB Ram/ 1TB HDD/ 15.6 inch HD/ Win10 + MS Office 2019 / Dark Ash Black),3.2 out of 5 stars,29,"33,485",https://m.media-amazon.com/images/I/81bmFpJJLtL._AC_UY218_.jpg
137,B08KJ92N9V,"HP 245 G7 Commercial Laptop (Ryzen 3, 4GB RAM, 1TB HDD, Windows 10, Radeon Vega 6 Graphics), 2D8C6PA - for Small and Medium Business",3.7 out of 5 stars,211,"31,683",https://m.media-amazon.com/images/I/91-L0ug+WQL._AC_UY218_.jpg
138,B088CFBQFN,"Acer Aspire 3 Intel Core i3-10th Gen 15.6 - inch (39.62 cms) 1920 x 1080 Thin and Light Laptop (4GB Ram/1TB HDD/Window 10/Integrated Graphics/Shale Black/1.9 kgs), A315-56",3.0 out of 5 stars,485,"36,590",https://m.media-amazon.com/images/I/81YUWJOwMDL._AC_UY218_.jpg
139,B08XNZD56X,"HP 15 11th Gen Intel Core i5 Processor 15.6-inch FHD Laptop (8GB/512GB SSD +32GB Intel Optane/Win 10/MS Office/Jet Black/1.69 Kg), 15s-fq2071TU",3.9 out of 5 stars,10,"56,990",https://m.media-amazon.com/images/I/71fvR6NCIFL._AC_UY218_.jpg
140,B096G1V3RC,"HP 250 G8 Laptop (11th Gen Intel Core i3-1115G4/8GB DDR4 Ram / 512GB SSD/Windows 10/15.6 inch HD/Intel UHD Graphics) 42V68PA (Dark Ash Silver, 1.74 kg)",4.5 out of 5 stars,6,"44,000",https://m.media-amazon.com/images/I/71S+S-vt1MS._AC_UY218_.jpg
141,B08HN9JMJF,"Asus Laptop E410MA-EK320T PQC-N5030//4G/256 PCIe SSD/Rosepink/14"" FHD/1Y International Warranty//NumberPad/",2.7 out of 5 stars,3,Currently Unavailable,https://m.media-amazon.com/images/I/61eYceOx1mL._AC_UY218_.jpg
142,B08DFRKHLL,"Lenovo V14 Intel Core i3 10th Gen 14-inch HD Thin and Light Laptop (4GB RAM/ 1TB HDD/ Win 10 Home/ Grey/ 1.6 kg), 82C4A00NIH",3.4 out of 5 stars,11,"34,550",https://m.media-amazon.com/images/I/61++rkOM+qL._AC_UY218_.jpg
143,B08CYTHY92,"HP Pavilion Gaming 15.6-inch (39.62 cms) FHD Gaming Laptop (Ryzen 5-4600H/8GB/512GB SSD/Windows 10/144Hz/NVIDIA GTX 1650ti 4GB/Shadow Black), 15-ec1051AX",4.3 out of 5 stars,372,"70,990",https://m.media-amazon.com/images/I/71FeUtw+TPL._AC_UY218_.jpg
144,B08W9WK8Q9,"Lenovo IdeaPad Flex 5 11th Gen Intel Core i3 14-inch FHD IPS 2-in-1 Touchscreen Laptop (8GB/256GB SSD/Win 10/Office 2019/Lenovo Digital Pen Stylus/Fingerprint Reader/Graphite Grey/1.5Kg), 82HS008YIN",4.1 out of 5 stars,153,"54,390",https://m.media-amazon.com/images/I/61ta6vDkCRL._AC_UY218_.jpg
145,B08J3D2YHV,"LG Gram 10th Gen Intel Core i7-1065G7 17-inch IPS WQXGA (2560X1600) Thin and Light Laptop (8GB/512GB SSD/Windows 10 64-bit/Dark Silver/1.35kg), 17Z90N",4.7 out of 5 stars,33,"1,05,990",https://m.media-amazon.com/images/I/61OozydP94L._AC_UY218_.jpg
146,B08KJ92N9V,"HP 245 G7 Commercial Laptop (Ryzen 3, 4GB RAM, 1TB HDD, Windows 10, Radeon Vega 6 Graphics), 2D8C6PA - for Small and Medium Business",3.7 out of 5 stars,211,"31,683",https://m.media-amazon.com/images/I/91-L0ug+WQL._AC_UY218_.jpg
147,B08QSVVC7W,"HP 14 10th Gen Intel Core i3 14"" (35.56cms) FHD Laptop (8 GB, 1 TB HDD + 256 GB SSD, Windows 10 Home, MS Office, Natural Silver, 1.51 kg), 14s-cf3028TU",4.2 out of 5 stars,46,"48,500",https://m.media-amazon.com/images/I/81yaUrHPUoL._AC_UY218_.jpg
148,B08BXZF8PS,"Lenovo V14 Intel Core i3 10th Gen 14-inch HD Thin and Light Laptop (4GB RAM/ 1TB HDD/ Windows 10 Professional/ Grey/ 1.6 kg), 82C4016TIH",4.1 out of 5 stars,87,"39,200",https://m.media-amazon.com/images/I/71iyJJMr-NL._AC_UY218_.jpg
149,B09414JQ8B,"(Renewed) Dell Latitude E5440 14-Inch Laptop (Core i5 4th Gen/4GB RAM (Upgradable to 16)/320GB HDD/Windows 10 Pro/MS Office 2019/More than 4 GB Intel Integrated Graphics), Black",No Rating Available,0,"33,499",https://m.media-amazon.com/images/I/51gG1-BLxaS._AC_UY218_.jpg
150,B096SKBDXW,"Lenovo IdeaPad Flex 5 AMD Ryzen 5 14” FHD IPS 2-in-1 Touchscreen Laptop (8GB/512GB SSD/Windows10/MS Office 2019/Lenovo Digital Pen Stylus/HD 720p Camera/Graphite Grey/1.5Kg), 82HU00CNIN",4.0 out of 5 stars,1,"58,990",https://m.media-amazon.com/images/I/71DUrXr6MYL._AC_UY218_.jpg
151,B0928T6QM3,"HP 15 11th Gen Intel Core i5 Processor 15.6-inch(39.6 cm) FHD Laptop with Alexa Built-in(8GB/512GB SSD/Windows 10/2GB MX350 Graphics/Natural Silver/1.75Kg), 15s-dr3500TX",4.2 out of 5 stars,60,"64,990",https://m.media-amazon.com/images/I/81pG0gZywML._AC_UY218_.jpg
152,B08WLYZVSF,"Asus Vivobook X515MA-EJ101T PQC-N5030//4G/1T/TRANSPARENT SILVER/WIN10/15.6"" FHD/1Y International Warranty",3.6 out of 5 stars,19,"30,990",https://m.media-amazon.com/images/I/41M0socmbKL._AC_UY218_.jpg
153,B08KJ9D2HD,"Dell New Latitude 3410 14"" Core i3 10th Gen || 4GB || 1 TB || DOS-Ubantu || 1 Year ADP+NBD Dell Warranty || 14 "" Screen Size || Without Bag",3.1 out of 5 stars,11,"37,155",https://m.media-amazon.com/images/I/816LRFEaPCL._AC_UY218_.jpg
154,B08HPY2N4W,"Dell Inspiron 3505 15"" (38.1 cms) FHD AG Laptop (Ryzen-3 3250U / 4 GB / 1TB+256 SSD / Vega Graphics / Win 10 + MSO / Soft Mint Color) D560338WIN9S",4.4 out of 5 stars,120,"44,000",https://m.media-amazon.com/images/I/51Z3fkxm85L._AC_UY218_.jpg
155,B094XF92HG,"Lenovo IdeaPad Gaming 3 Intel Core i5 10th Gen 15.6-inch FHD 120Hz IPS Gaming Laptop (8GB/512 SSD/Windows 10/NVIDIA GTX 1650 4GB GDDR6/Onyx Black/2.2Kg), 81Y4017UIN",4.0 out of 5 stars,2,"62,039",https://m.media-amazon.com/images/I/61fpo-87DyL._AC_UY218_.jpg
156,B096SHTH39,"Lenovo IdeaPad Slim 3 (2021) | Intel Core i3 11th Gen |14"" FHD IPS |Thin & Light Laptop | 4-Side Narrow Bezel (8GB/256GB SSD/Win10/Office/Backlit KB/Fingerprint Reader/Arctic Grey/1.41kg), 82H700J8IN",4.4 out of 5 stars,42,"43,990",https://m.media-amazon.com/images/I/61+gLXwdCgS._AC_UY218_.jpg
157,B083C9RDCW,"Lenovo V145-AMD-A6 15.6 inch HD Laptop (4GB RAM/ 1TB HDD/ Windows 10 Home/ Black/ 2.1 kg), 81MTA000IH",3.3 out of 5 stars,147,"30,990",https://m.media-amazon.com/images/I/71-La7HQx8L._AC_UY218_.jpg
158,B0897MV47X,"Lenovo V15 AMD RYZEN 3 3250U 15.6-inch HD Laptop (4GB/1TB/Windows 10/Grey/1.85Kg),82C7001YIH",2.9 out of 5 stars,19,"31,230",https://m.media-amazon.com/images/I/61U0JQ6HnHL._AC_UY218_.jpg
159,B096G1V3RC,"HP 250 G8 Laptop (11th Gen Intel Core i3-1115G4/8GB DDR4 Ram / 512GB SSD/Windows 10/15.6 inch HD/Intel UHD Graphics) 42V68PA (Dark Ash Silver, 1.74 kg)",4.5 out of 5 stars,6,"44,000",https://m.media-amazon.com/images/I/71S+S-vt1MS._AC_UY218_.jpg
160,B08B9X82C6,Dell Latitude 3510 Intel Core i3-10110U /4GB/1TB/UBUNTU/15.6 INCH Screen/1 Year Warranty,3.5 out of 5 stars,14,"38,086",https://m.media-amazon.com/images/I/71CYNhZZfAL._AC_UY218_.jpg
161,B0991SBN8S,"(Renewed) Lenovo IdeaPad Slim 3 (2021) | 11th Gen Intel Core i3 |14"" FHD IPS |Thin & Light Laptop | 4-Side Narrow Bezel (8GB/256GB SSD/Win10/Office/Backlit KB/Fingerprint Reader/Arctic Grey/1.41Kg), 82H700KAIN",No Rating Available,0,"37,392",https://m.media-amazon.com/images/I/61dO4cx9xyS._AC_UY218_.jpg
162,B08HRHH2NH,"Life Digital Laptop 15.6-inch (39.62 cms) (Intel Core i5/4GB RAM/1TB HDD/Type C Data/Win10), ZED AIR CX5",3.1 out of 5 stars,48,"33,987",https://m.media-amazon.com/images/I/71tnnbggvrL._AC_UY218_.jpg
163,B096SK39ZB,"Lenovo IdeaPad Gaming 3 Intel Core i5 10th Gen |15.6"" Full HD IPS Gaming Laptop (8GB/1TB HDD/Windows 10/NVIDIA GTX 1650 4GB GDDR6 Graphics/Onyx Black/2.2Kg), 81Y40183IN",5.0 out of 5 stars,1,"57,990",https://m.media-amazon.com/images/I/61TlKHyOHLL._AC_UY218_.jpg
164,B08MPXD3YD,"Dell Inspiron 3501 15.6"" FHD AG Display Laptop ( i5-1135G7 / 8GB / 1TB+256 SSD / Integrated Graphics / Win 10 + Office H&S / Accent Black ) D560401WIN9BE",3.9 out of 5 stars,42,"59,500",https://m.media-amazon.com/images/I/51jPUwqQTFL._AC_UY218_.jpg
165,B0979FD54T,"HP 15 (2021) Thin & Light Ryzen 5 4500U Processor, 8GB RAM, 512GB SSD, Radeon Graphics, 15.6-inch (39.6 cms) FHD Screen, Windows 10, MS Office, Natural Silver(15s-er1006AU)",5.0 out of 5 stars,1,"54,990",https://m.media-amazon.com/images/I/81SdJG3OUjL._AC_UY218_.jpg
166,B08CYTHY92,"HP Pavilion Gaming 15.6-inch (39.62 cms) FHD Gaming Laptop (Ryzen 5-4600H/8GB/512GB SSD/Windows 10/144Hz/NVIDIA GTX 1650ti 4GB/Shadow Black), 15-ec1051AX",4.3 out of 5 stars,372,"70,990",https://m.media-amazon.com/images/I/71FeUtw+TPL._AC_UY218_.jpg
167,B08M5PFY5F,Dell Inspiron 5502 15.6 Inch FHD 11th gen Laptop (i5-1135G7 / 8GB / 512 SSD / MX330 2GB Card Nvidia Graphics Card/ Win 10 + MS Office H&S / Silver) D560364WIN9S,3.8 out of 5 stars,38,"65,490",https://m.media-amazon.com/images/I/61FnUvGa1NL._AC_UY218_.jpg
168,B08QDL9GVM,"ASUS i3-1005G1//4G/1T/15.6""FHD/Office H&S/Finger Print/ X515JA-EJ302TS Laptop (Transparent Silver )",2.6 out of 5 stars,10,Currently Unavailable,https://m.media-amazon.com/images/I/71hgzeX--TL._AC_UY218_.jpg
169,B08W8LCMS4,"Lenovo IdeaPad Flex 5 11th Gen Intel Core i5 14-inch FHD IPS 2-in-1 Touchscreen Laptop (8GB/512GB SSD/Win 10/Office 2019/Lenovo Digital Pen Stylus/Fingerprint Reader/Graphite Grey/1.5Kg), 82HS009HIN",4.0 out of 5 stars,57,"66,990",https://m.media-amazon.com/images/I/61ta6vDkCRL._AC_UY218_.jpg
170,B08Y929CPJ,"Lenovo ThinkPad E15 (2021) Intel Core i3 11th Gen 15.6"" FHD Thin and Light Laptop (4GB RAM/256GB SSD/Windows 10/Fingerprint Reader/Black/Aluminium Surface/Black/ 1.7 kg), 20TDS0A500",4.3 out of 5 stars,75,Currently Unavailable,https://m.media-amazon.com/images/I/71TuueY7JDS._AC_UY218_.jpg
171,B07SVPSDDM,"Lenovo Ideapad D330-10IGM with Keyboard 4 GB RAM 64 GB ROM 10.1 inch with Wi-Fi Only Tablet (Mineral Grey), 81H3S01W00",5.0 out of 5 stars,1,"25,990",https://m.media-amazon.com/images/I/61+ZQMKTj0L._AC_UY218_.jpg
172,B086XRYW2R,"Lenovo V14 Intel Core i3 8th Gen 14-inch HD Thin and Light Laptop (4GB RAM/ 1TB HDD/ Windows 10 Home/ Grey/ 1.6 kg),81YA002GIH",3.6 out of 5 stars,11,"35,790",https://m.media-amazon.com/images/I/814Z+UpsPJL._AC_UY218_.jpg
173,B087D3JHGB,"Lenovo Ideapad Slim 3 AMD Ryzen 3 15.6 inch (39.62 cms) Full HD Thin and Light Laptop (4GB/1TB HDD/Windows 10/MS Office 2019/Platinum Grey/1.85Kg), 81W10057IN",3.4 out of 5 stars,697,Currently Unavailable,https://m.media-amazon.com/images/I/61Dw5Z8LzJL._AC_UY218_.jpg
174,B08GG7PQCK,"2021 Premium HP Stream 11 Laptop Computer 11.6"" HD WLED Anti-Glare Intel Celeron Processor N4000 4GB RAM 32GB eMMC Office 365 for 1 Year USB-C WiFi Win10 + iCarp HDMI Cable",4.3 out of 5 stars,58,Currently Unavailable,https://m.media-amazon.com/images/I/61jZQD6CiYS._AC_UY218_.jpg
175,B095YC5VH4,"HP 15 (2021) Thin & Light 10th Gen Intel Core i3 Laptop, 8GB RAM, 512GB SSD, 39.62 cms (15.6"") FHD Screen, Windows 10, MS Office, Jet Black (15s-du1516TU)",4.0 out of 5 stars,1,"45,147",https://m.media-amazon.com/images/I/81Ne5qKmE8L._AC_UY218_.jpg
176,B08QG1X1FM,"Lenovo V15 Intel Core i5 10th Gen 15-inch HD Thin and Light Laptop (4GB RAM/ 256GB SSD/ DOS/ Grey/ 1.85 kg), 82C500RRIH",No Rating Available,0,Currently Unavailable,https://m.media-amazon.com/images/I/31px31VIEhL._AC_UY218_.jpg
177,B08CYVKT8L,"HP Pavilion Gaming 15.6-inch FHD Gaming Laptop (Ryzen 5-4600H/8GB/1TB HDD + 256GB SSD/Windows 10/144Hz/NVIDIA GTX 1650 4GB/Shadow Black), 15-ec1048AX",4.3 out of 5 stars,36,"65,993",https://m.media-amazon.com/images/I/71VlaIUD10L._AC_UY218_.jpg
178,B0993TFLC4,"(Renewed) Dell Intel Core i7 6th Gen 14-Inch(35.56 cms) (1920 x 1080) Laptop (32GB RAM/128GB SSD & 2TB HDD/Windows 10 Pro/MS Office/Intel Integrated HD Graphics /1.5Kg,Black) Latitude E5470",No Rating Available,0,"71,999",https://m.media-amazon.com/images/I/51+WXHpfUKS._AC_UY218_.jpg
179,B093T2SC3W,"Dell Inspiron 3501 15.6"" FHD Display Laptop (i5-1135G7 / 8GB / 1TB HDD + 256GB SSD / Integrated Graphics / Win 10 + MSO / Backlit KB / Soft Mint Color) D560412WIN9S",3.6 out of 5 stars,34,"62,550",https://m.media-amazon.com/images/I/61zbf9g+VDS._AC_UY218_.jpg
180,B08W8J4TQB,"Lenovo IdeaPad S145 10th Gen Intel Core i5 15.6-inch (39.62 cms) Full HD Thin and Light Laptop (8GB/1TB HDD/Windows 10/MS Office 2019/Platinum Grey/1.85Kg), 81W800TEIN",3.4 out of 5 stars,80,Currently Unavailable,https://m.media-amazon.com/images/I/61PXjYVtmqL._AC_UY218_.jpg
181,B08HRHFV23,"Life Digital Laptop 15.6-inch (39.62 cms) (Intel Core i7, 8GB RAM, 512GB SSD, Windows 10), ZED AIR CX7",3.3 out of 5 stars,53,"46,322",https://m.media-amazon.com/images/I/71tnnbggvrL._AC_UY218_.jpg
182,B0919LPGKH,"Dell Inspiron 3501 15.6"" FHD Display Laptop (11th Gen i5-1135G7/ 8GB / 1TB + 256GB SSD /NVIDIA MX330 2GB Graphics / Win 10 + MSO / Soft Mint Color) D560439WIN9S",3.3 out of 5 stars,4,"65,650",https://m.media-amazon.com/images/I/61zbf9g+VDS._AC_UY218_.jpg
183,B08S7D74TV,"(Renewed) Lenovo Intel 3rd Gen Core i5 3210M 14-Inch (35.56 cms) 1366x768 Laptop (4 GB/500 GB HDD/Windows/MS Office Pro 2019 /Intel HD Graphics 4600/Black/1.50 Kg), Thinkpad L430",3.2 out of 5 stars,4,"31,499",https://m.media-amazon.com/images/I/71LAAhw+9bL._AC_UY218_.jpg
184,B08QCKPLZX,Dell Inspiron 3501 15-inch FHD Laptop (11th Gen i5-1135G7/8GB/1TB HDD/256GB SSD/Win 10 + MS Office/2GB Graphics/Soft Mint),4.0 out of 5 stars,94,"63,590",https://m.media-amazon.com/images/I/61kwF967nJL._AC_UY218_.jpg
185,B097SYTZJJ,"Dell Inspiron 5418 14"" FHD Display Laptop (i5-11300H / 16GB / 512GB SSD / Integrated Graphics / Win10 + MSO / Backlit KB + FPR / Silver) D560481WIN9S",4.0 out of 5 stars,216,"68,190",https://m.media-amazon.com/images/I/713FjhbQPYS._AC_UY218_.jpg
186,B08BV8N5ZR,"ASUS VivoBook 15 Intel Celeron N3350 15.6"" (39.62cms) HD Laptop (4GB RAM/1TB HDD/Windows 10/Integrated Graphics/Black/2.0 kg), X540NA-GQ285T",3.6 out of 5 stars,271,Currently Unavailable,https://m.media-amazon.com/images/I/81EbdwReBLL._AC_UY218_.jpg
187,B08DXPGS83,Dell Inspiron 3593 15.6-inch FHD Laptop (10th Gen i3-1005G1/4GB/1TB HDD/Win 10 + MS Office/Integrated Graphics/Black) D560236WIN9B,3.5 out of 5 stars,85,Currently Unavailable,https://m.media-amazon.com/images/I/41w1F6+OrzL._AC_UY218_.jpg
188,B08XMF2X8M,Acer Aspire 5 Thin and Light Laptop Intel Core I5 11th Gen ( 8 GB/512 GB SSD/ Windows 10 Home/ Iris Xe Graphic) A515-56-54FN with 39.6 cm (15.6 Inch) with FHD Display / 1.65 Kgs,4.1 out of 5 stars,21,"54,980",https://m.media-amazon.com/images/I/71q9NsahLQL._AC_UY218_.jpg
189,B08MPYV6N6,Dell Inspiron 5301 13.3 FHD IPS Anti Glare Thin & Light Laptop / TGL-U i5 / 8 GB / 1TB SSD / Integrated Graphics / Win 10 + MSO / Silver) D560379WIN9S,4.2 out of 5 stars,14,"69,499",https://m.media-amazon.com/images/I/61XDdm6uPiL._AC_UY218_.jpg
190,B08RQ4J6T4,"Lenovo V15 AMD RYZEN 3 3250U 15.6"" (39.62cms) HD Laptop (4GB/1TB/DOS/Grey/1.85Kg),82C70016IH",3.7 out of 5 stars,33,"31,950",https://m.media-amazon.com/images/I/61ZSIAryRmL._AC_UY218_.jpg
191,B08V5WLM62,"HP Pavilion 13 11th Gen Intel Core i5 13.3"" (33.78 cms) Ultra Thin FHD Laptop (16GB/512GB SSD/Win10/MS Office/Alexa Built-in/Natural Silver/1.24 Kg), 13-bb0075TU",4.1 out of 5 stars,23,"70,086",https://m.media-amazon.com/images/I/71PwU27MbUL._AC_UY218_.jpg
192,B08XYJW59X,"Acer Aspire 7 Core i5 9th Gen - (8 GB/512 GB SSD/Windows 10 Home/4 GB Graphics/NVIDIA GeForce GTX 1650 Ti) A715-75G-51H8 Gaming Laptop (15.6 inch, Charcoal Black, 2.15 kg)",4.1 out of 5 stars,14,"62,990",https://m.media-amazon.com/images/I/418WSiz8uzL._AC_UY218_.jpg
193,B08RQ4J6T4,"Lenovo V15 AMD RYZEN 3 3250U 15.6"" (39.62cms) HD Laptop (4GB/1TB/DOS/Grey/1.85Kg),82C70016IH",3.7 out of 5 stars,33,"31,950",https://m.media-amazon.com/images/I/61ZSIAryRmL._AC_UY218_.jpg
194,B08V5WLM62,"HP Pavilion 13 11th Gen Intel Core i5 13.3"" (33.78 cms) Ultra Thin FHD Laptop (16GB/512GB SSD/Win10/MS Office/Alexa Built-in/Natural Silver/1.24 Kg), 13-bb0075TU",4.1 out of 5 stars,23,"70,086",https://m.media-amazon.com/images/I/71PwU27MbUL._AC_UY218_.jpg
195,B08GG7PQCK,"2021 Premium HP Stream 11 Laptop Computer 11.6"" HD WLED Anti-Glare Intel Celeron Processor N4000 4GB RAM 32GB eMMC Office 365 for 1 Year USB-C WiFi Win10 + iCarp HDMI Cable",4.3 out of 5 stars,58,Currently Unavailable,https://m.media-amazon.com/images/I/61jZQD6CiYS._AC_UY218_.jpg
196,B094X6LM8D,"Lenovo Legion Y540 9th Gen Intel Core i5 15.6-inch (39.62 cms) Full HD Gaming Laptop (8GB/512GB SSD/Windows 10/60 Hz/NVIDIA GTX 1650 4GB GDDR5 Graphics/Raven Black/2.3Kg), 81SY00UCIN",4.3 out of 5 stars,100,"59,990",https://m.media-amazon.com/images/I/71zm3gbS9SL._AC_UY218_.jpg
197,B097C2FLFM,"Dell 14 (2021) i5-1135G7 2in1 Touch Screen Laptop, 8Gb RAM, 512Gb SSD, 14” (35.56 cms) FHD Display, Win 10 + MSO, Backlit KB + FPR + Active Pen, Silver Metal Color (Inspiron 5410, D560476WIN9S)",No Rating Available,0,"69,390",https://m.media-amazon.com/images/I/41SN23XGQNS._AC_UY218_.jpg
198,B092VPYX5G,"Acer Nitro 5 Intel Core i5-11th Generation 144 Hz Refresh Rate 15.6-inch Gaming Laptop (16GB Ram/512 GB SSD/Win10/GTX 1650 Graphics/Obsidian Black/2.2 Kgs), AN515-56 + Xbox Game Pass for PC",3.7 out of 5 stars,29,"73,990",https://m.media-amazon.com/images/I/71evs2WKJjS._AC_UY218_.jpg
199,B08QN1RFSS,"Dell Inspiron 3501 15.6-inch FHD Laptop (11th Gen Core i5-1135G7/4GB/1TB HDD+256GB SSD/Windows 10 Home + MS Office/Intel HD Graphics),Black",4.2 out of 5 stars,16,"55,799",https://m.media-amazon.com/images/I/81BuSX1NFqL._AC_UY218_.jpg
200,B08R843NHL,"HP Pavilion x360 (2021) 14"" (35.56cms) FHD Touchscreen Laptop, 11th Gen Core i7, 8 GB RAM, 512GB SSD, 2-in-1 Convertible, Windows 10, MS Office, Finger Print Reader (14-dw1040TU)",4.0 out of 5 stars,51,"79,135",https://m.media-amazon.com/images/I/617clKqAqiL._AC_UY218_.jpg
201,B08J42VSL6,"LG Gram 10th Gen Intel Core i5-1035G7 14"" (35.56cms) IPS Full HD (1920X1080) Thin and Light Laptop (8GB/256GB SSD/Windows 10 64-bit/Dark Silver/999gms), 14Z90N",4.4 out of 5 stars,47,"62,990",https://m.media-amazon.com/images/I/71Dv5BtTh8L._AC_UY218_.jpg
202,B08JMR2GXG,"ASUS VivoBook 14 (2020) Intel Core i3-1005G1 10th Gen 14-inch (35.56 cms) FHD T&L Laptop (8GB/1TB HDD + 128GB NVMe SSD/Integrated Graphics/Windows 10/MS Office 2019/Silver/1.6 kg), X415JA-EK092TS",4.3 out of 5 stars,245,"46,490",https://m.media-amazon.com/images/I/71WuDXpTAlL._AC_UY218_.jpg
203,B08KYBTJ7W,"Lenovo V15 Intel Core i3 10th Generation 15.6 inch Screen Laptop (4 GB RAM, 1 TB HDD/Win 10 Home/ Colour Name / Weight), Model Number 82C5A00AIH",3.6 out of 5 stars,22,"38,500",https://m.media-amazon.com/images/I/71cd41RWSNL._AC_UY218_.jpg
204,B08JM39SVS,"ACER EXTENSA 15 Ex215-52-30GA Intel® CoreTM i3-1005G1/4Gb up to 12 gb /1Tb/15.6""FHD/Win10 Supports up to 1 TB PCIe Gen3 8 Gb/s up to 4 Lanes, NVMe SSD",3.3 out of 5 stars,15,"33,900",https://m.media-amazon.com/images/I/71kTx-8KxjL._AC_UY218_.jpg
205,B08NVX36LY,"Asus VivoBook 15 Core i3 7th Gen - (4 GB/1 TB HDD/Windows 10 Home) X543UA-DM342T Laptop (15.6 inch, Star Grey, 1.90 kg)",3.6 out of 5 stars,25,"30,990",https://m.media-amazon.com/images/I/419oug2wyKL._AC_UY218_.jpg
206,B08CQ6KJ6F,"Lenovo Ideapad Slim 3 Intel Core i3 10th Gen 14 inch HD Thin and Light Laptop (4GB/1TB HDD/Windows 10/Platinum Grey/1.6Kg), 81WD00JYIN",3.1 out of 5 stars,436,Currently Unavailable,https://m.media-amazon.com/images/I/61s7sJEpsVL._AC_UY218_.jpg
207,B08MPP51VB,"Dell Inspiron 3505 15.6"" (39.2cms) FHD Anti Glare Display Laptop (Ryzen-3 3250U / 8GB / 256 SSD / Vega Graphics / 1 Yr NBD / Win 10 + Office H&S/ Accent Black) D560392WIN9BE",3.8 out of 5 stars,358,Currently Unavailable,https://m.media-amazon.com/images/I/51MKXqHKBQL._AC_UY218_.jpg
208,B08SNHVK6F,"ASUS VivoBook S S14 Intel Core i5-1135G7 11th Gen 14-inch FHD Thin and Light Laptop (8GB RAM/512GB SSD + 32GB Optane Memory/Windows 10/Office 2019/Iris X Graphics; Dreamy White;1.4 Kg), S433EA-AM502TS",4.3 out of 5 stars,155,"63,990",https://m.media-amazon.com/images/I/618zqCdWMaL._AC_UY218_.jpg
209,B01MSWS8FE,"Alienware AW15R3-7002SLV-PUS 15.6"" Gaming Laptop (7th Generation Intel Core i7, 8GB RAM, 256 SSD, Silver) with NVIDIA GTX 1060",4.1 out of 5 stars,8,Currently Unavailable,https://m.media-amazon.com/images/I/714InBfFipL._AC_UY218_.jpg
210,B08KWJ4G4R,Dell Inspiron 3505 15.6-inch FHD Laptop (AMD Ryzen 3 3250U/8GB/1TB HDD/Windows 10/MS Office 2019/AMD Radeon Vega Graphics) Platinum Silver,3.5 out of 5 stars,43,"40,489",https://m.media-amazon.com/images/I/51CYuZNUcoL._AC_UY218_.jpg
211,B08WRZQBQ6,"Lenovo IdeaPad Flex 5 11th Gen Intel Core i7 14-inch FHD IPS 2-in-1 Touchscreen Laptop (16GB/512GB SSD/Win 10/Office 2019/Lenovo Digital Pen Stylus/Fingerprint Reader/Graphite Grey/1.5Kg), 82HS0092IN",4.0 out of 5 stars,48,"83,990",https://m.media-amazon.com/images/I/61ta6vDkCRL._AC_UY218_.jpg
212,B08HHB9Q2M,"HP 14 10th Gen Core i3 14"" (35.56cms) Laptop with 4G (LTE), 8GB RAM, 1TB HDD, 14"" (35.56cms) FHD Screen, Windows 10, MS Office(14s-er0004TU)",4.0 out of 5 stars,125,"44,499",https://m.media-amazon.com/images/I/71lMJxLkIqL._AC_UY218_.jpg
213,B08T69P9ZF,"Acer Extensa 15 10th Gen Intel Core i3-1005G1 15.6' Full HD Display Thin and Light Laptop(4GB RAM/1 TB HDD/Win10/Integrated Graphics/Black/1.9 Kg), EX215-22",2.9 out of 5 stars,12,"33,990",https://m.media-amazon.com/images/I/71FsqYE2p-L._AC_UY218_.jpg
214,B08JVDBBFT,"Asus Gaming Laptop ROG Strix G15 i7-10750H(8 Gb Ram,1T SSD,15.6 FHD-144hz,GTX1650Ti-4GB,RGB Backlit,WIFI6,WIN10,,Electro Punk),G512LI-HN179T",2.9 out of 5 stars,2,"97,000",https://m.media-amazon.com/images/I/71veSsw9+wL._AC_UY218_.jpg
215,B07V4CCJ3H,"(Renewed) Lenovo Intel 4th Gen Core i5 4200M 14-Inch (35.56 cms) 720p HD Ready Laptop (4 GB/320 GB/Windows 10 Pro/Intel HD Graphics 4600/Black/2.26 Kg), Thinkpad L440",3.4 out of 5 stars,16,"30,999",https://m.media-amazon.com/images/I/41uod9T2ZiL._AC_UY218_.jpg
216,B093HC6BXN,"Dell Vostro 3400 14"" FHD Display Laptop (I5-1135G7 / 8GB / 512GB SSD / NVIDIA MX330 2GB Graphics / Win 10 + MSO / Backlit KB / Dune Color ) D552172WIN9DE",4.7 out of 5 stars,10,"59,990",https://m.media-amazon.com/images/I/51CEknIIHcL._AC_UY218_.jpg
217,B098TJW3MS,(Renewed) Lenovo ThinkPad 14 inch (35.56 cm) HD Laptop (Core i5 6th Gen/8 GB RAM/500 GB/Windows 10 Pro/MS Office 19/Webcam/USB 3.0/Wifi/BT/Cardreader/Pan India Warranty/Integrated Graphics),No Rating Available,0,"37,999",https://m.media-amazon.com/images/I/51OKVljVlsS._AC_UY218_.jpg
218,B08KY7QQ7H,Dell Inspiron 3505 15.6-inch FHD Laptop (Ryzen 3 3250U/8GB/256GB SSD+1TB HDD/Windows 10/MS Office 2019/AMD Radeon Vega Graphics) Platinum Silver,4.1 out of 5 stars,96,"47,100",https://m.media-amazon.com/images/I/51CYuZNUcoL._AC_UY218_.jpg
219,B08MPVWYBQ,"Dell Inspiron 5406 11th Gen 14"" (35.56cms) FHD 2in1 Laptop( i3-1115G4 / 4GB / 256 SSD /Integrated Graphics/ Win 10/MS Office 19/ Active Pen/Platinum Silver),D560365WIN9S",3.9 out of 5 stars,29,"52,880",https://m.media-amazon.com/images/I/51YwG-FYB5L._AC_UY218_.jpg
220,B08G57FKVH,"HP Pavilion Gaming 15.6-inch FHD Gaming Laptop (Ryzen 5-3550H/8GB/1TB HDD + 256GB SSD/Windows 10/4GB NVIDIA GeForce GTX 1650 Graphics, Shadow Black/2.25 kg), 15-ec0106ax",4.1 out of 5 stars,28,"63,990",https://m.media-amazon.com/images/I/41gEnNfNJtL._AC_UY218_.jpg
221,B08CXSLPTZ,"Lenovo V14 AMD RYZEN 3 3250U 14"" (35.56cms) HD Laptop (4GB/1TB/Dos/Iron Grey/1.85Kg) 82C6000KIH",3.3 out of 5 stars,34,"29,449",https://m.media-amazon.com/images/I/51ZE3adhGVL._AC_UY218_.jpg
222,B097C48VNS,"(Renewed) Lenovo Thinkpad Hybrid Laptop X230 Intel Core i5 - 3320m Processor, 8 GB Ram & 256 GB SSD & 500GB HDD, Win10, 12.5 Inches 1.34 KG Ultralight Computer",No Rating Available,0,"30,989",https://m.media-amazon.com/images/I/61R6kEAt-9S._AC_UY218_.jpg
223,B08HRKDL9H,"LifeDigital ZED AIR CX3 Laptop, 15.6""(39.62 cms) IPS FHD, Intel® Core™ i3/8GB RAM/2TB HDD + 256GB Storage/Camera/LAN/Windows 10, Black",3.8 out of 5 stars,35,"31,137",https://m.media-amazon.com/images/I/71tnnbggvrL._AC_UY218_.jpg
224,B08V5WLM62,"HP Pavilion 13 11th Gen Intel Core i5 13.3"" (33.78 cms) Ultra Thin FHD Laptop (16GB/512GB SSD/Win10/MS Office/Alexa Built-in/Natural Silver/1.24 Kg), 13-bb0075TU",4.1 out of 5 stars,23,"70,086",https://m.media-amazon.com/images/I/71PwU27MbUL._AC_UY218_.jpg
225,B093LQKYT3,"ASUS ROG Zephyrus G14 (2021), 14"" (35.56 cms) FHD 144Hz, Ryzen 9 5900HS, RTX 3060 6GB Graphics, Gaming Laptop (16GB/1TB SSD/Office 2019/Windows 10/Moonlight White/AniMe Matrix/1.7 Kg), GA401QM-HZ269TS",5.0 out of 5 stars,5,"1,50,990",https://m.media-amazon.com/images/I/81Nwu5Hp0jS._AC_UY218_.jpg
226,B08JCP96XL,"Lenovo IdeaPad Slim 3 AMD Athlon Silver 3050U 15.6 inch HD Thin and Light Laptop (4GB/1TB HDD/Windows 10/MS Office 2019/Integrated AMD Radeon Graphics/Platinum Grey/1.85Kg), 81W100W9IN",3.4 out of 5 stars,52,Currently Unavailable,https://m.media-amazon.com/images/I/61Dw5Z8LzJL._AC_UY218_.jpg
227,B08SRJ4RGQ,"HP Pavilion x360 14-inch FHD Touchscreen Convertible Laptop with 4G LTE (Intel Core i5-1135G7/8GB/512GB SSD/Win 10/MS Office 2019/Inking Pen/FPR/Natural Silver/1.61kg), 14-dw1039TU",4.2 out of 5 stars,12,"74,490",https://m.media-amazon.com/images/I/61EQwsTKioL._AC_UY218_.jpg
228,B08M4SQ83T,"ASUS ZenBook 14 (2020) Intel Core i5-1135G7 11th Gen 14-inch (35.56 cms) FHD T&L Laptop (8GB RAM/512GB NVMe SSD/Windows 10/MS Office 2019/Intel Iris Xᵉ Graphics/Pine Grey/1.17 kg), UX425EA-BM501TS",4.5 out of 5 stars,295,"72,990",https://m.media-amazon.com/images/I/71lT-zWEYkL._AC_UY218_.jpg
229,B0937CXX8H,"Acer Aspire 3 Intel Core i3 11th Generation 15"" (38.1 cms) - (4 GB/1 TB HDD/Windows 10 Home/Intel UHD Graphics /1.7Kg/Silver) A315-58",2.9 out of 5 stars,9,"36,349",https://m.media-amazon.com/images/I/71CoOI-d9RS._AC_UY218_.jpg
230,B097TY6PTN,"Lenovo Legion 5 10th Gen Intel Core i7 15.6 inch FHD IPS 250Nits Gaming Laptop (16GB/512GB SSD/Win10/120 Hz/NVIDIA GTX 1650 4GB GDDR6 Graphics/Phantom Black/2.3Kg), 82AU00PNIN",4.4 out of 5 stars,136,"82,990",https://m.media-amazon.com/images/I/61p3lA4N3uL._AC_UY218_.jpg
231,B092VLR74L,"Acer Nitro 5 Intel Core i5-10th Gen 15.6-inch Display Thin and Light Gaming Laptop (16GB Ram/1TB HDD + 256GB SSD/Win10/GTX 1650Ti Graphics/Obsidian Black/2.3 Kgs), AN515-55 + Xbox Game Pass for PC",4.2 out of 5 stars,45,"86,999",https://m.media-amazon.com/images/I/81mxlt2J81L._AC_UY218_.jpg
232,B08BXZXVV5,"Lenovo V14 Intel Core i3 10th Gen 14"" (4GB RAM/ 1TB HDD/ Win 10/ Iron Grey/ 1.6 kg), 82C4016SIH",3.2 out of 5 stars,62,"36,150",https://m.media-amazon.com/images/I/71iyJJMr-NL._AC_UY218_.jpg
233,B097C4VWF9,"(Renewed) Lenovo Thinkpad Hybrid Laptop X230 Intel Core i5 - 3320m Processor, 4 GB Ram & 256 GB SSD & 320GB HDD, Win10, 12.5 Inches 1.34 KG Ultralight Computer",No Rating Available,0,"26,989",https://m.media-amazon.com/images/I/61R6kEAt-9S._AC_UY218_.jpg
234,B08HRHH2NH,"Life Digital Laptop 15.6-inch (39.62 cms) (Intel Core i5/4GB RAM/1TB HDD/Type C Data/Win10), ZED AIR CX5",3.1 out of 5 stars,48,"33,987",https://m.media-amazon.com/images/I/71tnnbggvrL._AC_UY218_.jpg
235,B096SL21J8,Acer Aspire 3 core i5 11th Generation Processor 15.6-inch Full HD Thin and Light Laptop - (8 GB/1 TB HDD/Windows 10 Home/Intel Iris Xe Graphic/Microsoft Office 2019/1.7Kg/Silver) A315-58,3.0 out of 5 stars,2,"49,990",https://m.media-amazon.com/images/I/41LHkg5LbRS._AC_UY218_.jpg
236,B08KYBTJ7W,"Lenovo V15 Intel Core i3 10th Generation 15.6 inch Screen Laptop (4 GB RAM, 1 TB HDD/Win 10 Home/ Colour Name / Weight), Model Number 82C5A00AIH",3.6 out of 5 stars,22,"38,500",https://m.media-amazon.com/images/I/71cd41RWSNL._AC_UY218_.jpg
237,B08N57LR4X,"HP 14 Thin & Light 14"" (35.56cms) FHD Laptop (11th Gen Intel i7-1165G7/8GB/512GB SSD/Windows 10/MS Office 2019/Alexa Built-in/Pale Gold/1.47 kg), 14s-dr2007TU",4.6 out of 5 stars,9,Currently Unavailable,https://m.media-amazon.com/images/I/81qlKbTuQXL._AC_UY218_.jpg
238,B08Y929CPJ,"Lenovo ThinkPad E15 (2021) Intel Core i3 11th Gen 15.6"" FHD Thin and Light Laptop (4GB RAM/256GB SSD/Windows 10/Fingerprint Reader/Black/Aluminium Surface/Black/ 1.7 kg), 20TDS0A500",4.3 out of 5 stars,75,Currently Unavailable,https://m.media-amazon.com/images/I/71TuueY7JDS._AC_UY218_.jpg
239,B08CXSLPTZ,"Lenovo V14 AMD RYZEN 3 3250U 14"" (35.56cms) HD Laptop (4GB/1TB/Dos/Iron Grey/1.85Kg) 82C6000KIH",3.3 out of 5 stars,34,"29,449",https://m.media-amazon.com/images/I/51ZE3adhGVL._AC_UY218_.jpg
240,B095S8D3ST,"ASUS ROG Zephyrus G14 (2021), 14"" (35.56 cms) FHD 144Hz, AMD Ryzen 7 5800HS, GeForce RTX 3050 4GB Graphics, Gaming Laptop (8GB/1TB SSD/Office 2019/Windows 10/Moonlight White/1.6 Kg), GA401QC-HZ047TS",No Rating Available,More Buying Choices,"1,17,575",https://m.media-amazon.com/images/I/61f-pIrfGzS._AC_UY218_.jpg
241,B094FXH349,"(Renewed) HP 14 11th Gen Intel Core i5 Processor 14-inch(35.6 cm) HD Laptop (8GB/512GB SSD/Windows 10/MS Office/Natural Silver/1.46Kg), 14s-dq2535TU",No Rating Available,0,"52,990",https://m.media-amazon.com/images/I/718-P3WYr5L._AC_UY218_.jpg
242,B095YC5VH4,"HP 15 (2021) Thin & Light 10th Gen Intel Core i3 Laptop, 8GB RAM, 512GB SSD, 39.62 cms (15.6"") FHD Screen, Windows 10, MS Office, Jet Black (15s-du1516TU)",4.0 out of 5 stars,1,"45,147",https://m.media-amazon.com/images/I/81Ne5qKmE8L._AC_UY218_.jpg
243,B092MT55XP,"Lenovo Legion Y540 Intel i5 9th Gen 15.6"" Gaming (8GB/256 SSD+1TD HDD/Win10/NVIDIA GeForce GTX 1650 4GB/Raven Black/2.3kg), 81SY00UBIN",4.4 out of 5 stars,453,"60,990",https://m.media-amazon.com/images/I/71zm3gbS9SL._AC_UY218_.jpg
244,B08CDVH7Y7,"ASUS ZenBook Pro Duo 15 OLED (2021), Intel Core i9-10980HK 10th Gen, 15.6"" 4K Dual-Screen Touch Laptop (32GB/1TB SSD/8GB GeForce RTX 3070/Office 2019/Windows 10/Celestial Blue/2.34 Kg) UX582LR-H901TS",No Rating Available,More Buying Choices,"2,89,995",https://m.media-amazon.com/images/I/91tECXCjzVL._AC_UY218_.jpg
245,B096SKGTCG,"Lenovo IdeaPad Gaming 3 AMD Ryzen 5 4600H 15.6"" Full HD 120 Hz IPS Gaming Laptop (16GB/512GB SSD/Windows 10/NVIDIA GTX 1650 4GB GDDR6 Graphics/Onyx Black/2.2Kg), 82EY00U4IN",4.4 out of 5 stars,127,"66,990",https://m.media-amazon.com/images/I/61TlKHyOHLL._AC_UY218_.jpg
246,B08SN9GJXH,"ASUS VivoBook S S14 Intel Core i7-1165G7 11th Gen 14-inch FHD Thin and Light Laptop (8GB RAM/512GB SSD + 32GB Optane Memory/Windows 10/Office 2019/Iris X Graphics ;Dreamy White;1.4 Kg), S433EA-AM702TS",4.3 out of 5 stars,155,"74,990",https://m.media-amazon.com/images/I/618zqCdWMaL._AC_UY218_.jpg
247,B087D3JHGB,"Lenovo Ideapad Slim 3 AMD Ryzen 3 15.6 inch (39.62 cms) Full HD Thin and Light Laptop (4GB/1TB HDD/Windows 10/MS Office 2019/Platinum Grey/1.85Kg), 81W10057IN",3.4 out of 5 stars,697,Currently Unavailable,https://m.media-amazon.com/images/I/61Dw5Z8LzJL._AC_UY218_.jpg
248,B08ND9ZS61,"Acer Aspire 5 Intel Core i5-1035G1 Processor 14"" Full HD IPS Display Thin and Light Laptop (8GB Ram/512 GB SSD/Win10/NVIDA GeForce MX350/Silver/1.5kgs); A514-53G",5.0 out of 5 stars,1,"55,905",https://m.media-amazon.com/images/I/81XRzsMG2vL._AC_UY218_.jpg
249,B08HRHH2NH,"Life Digital Laptop 15.6-inch (39.62 cms) (Intel Core i5/4GB RAM/1TB HDD/Type C Data/Win10), ZED AIR CX5",3.1 out of 5 stars,48,"33,987",https://m.media-amazon.com/images/I/71tnnbggvrL._AC_UY218_.jpg
250,B08MPYV6N6,Dell Inspiron 5301 13.3 FHD IPS Anti Glare Thin & Light Laptop / TGL-U i5 / 8 GB / 1TB SSD / Integrated Graphics / Win 10 + MSO / Silver) D560379WIN9S,4.2 out of 5 stars,14,"69,499",https://m.media-amazon.com/images/I/61XDdm6uPiL._AC_UY218_.jpg
251,B08R6MCHFV,"MSI GF65 Thin Core i5 9th Gen - (16 GB/512 GB SSD/Windows 10 Home/6 GB Graphics/NVIDIA Geforce GTX 1660 Ti) GF65 Thin 9SD-890IN Gaming Laptop (15.6 inch, Black, 1.86 kg)",4.2 out of 5 stars,7,"74,990",https://m.media-amazon.com/images/I/41+KS85EpLL._AC_UY218_.jpg
252,B0925RX2R6,(Renewed) Lenovo ThinkPad High Performance 14 inch HD Light Laptop (Core I5 5200U/8 GB(Upto 16GB)/256 GB SSD/Win 10 Pro/Office 2019/Webcam/USB 3.0/SIM/BT/Cardreader/TPM/Integrated Graphics),5.0 out of 5 stars,1,"36,799",https://m.media-amazon.com/images/I/618FguGul3L._AC_UY218_.jpg
253,B097NRQLXJ,"Lenovo IdeaPad 3 2021 Intel i3 11thGen 14""FHD IPS Thin&Light 4Side Narrow(8GB/256GB SSD/Win/MSO/Backlit/FingerprintRead/1.41kg)82H700J8IN+Laptop Briefcase T210 15.6""+400 Wireless Mouse 1200DPI Optical",No Rating Available,0,"45,568",https://m.media-amazon.com/images/I/51UAB7ZVPYS._AC_UY218_.jpg
254,B092DDRQTM,TravisLappy Laptop On Off Power Switch Button Board for Lenovo G470 G475 G570 G575 PIWG1 NBX000SL00,No Rating Available,0,"1,120",https://m.media-amazon.com/images/I/31Ovcs5wQaL._AC_UY218_.jpg
255,B08WLR5NNR,"Acer Aspire 3 Ryzen 3 3200U 15.6"" (39.62cms) - (4 GB/1TB HDD/Windows 10 Home/AMD Radeon Vega 3 Mobile Graphics /1.9Kg/Black) A315-42",3.4 out of 5 stars,47,"31,990",https://m.media-amazon.com/images/I/718QD+zGlCL._AC_UY218_.jpg
256,B092DDHZCM,TravisLappy Laptop On Off Power Button Switch Flex Cable Switch Button Cable Board for HP 15-G 15-R 250 256 G3 G4 G5 LS-A991P,5.0 out of 5 stars,1,Currently Unavailable,https://m.media-amazon.com/images/I/41tqcaCbSfL._AC_UY218_.jpg
257,B092MRNLLF,"Lenovo Yoga Slim 7 Intel i5 11th Gen 14"" FHD Thin and Light Laptop (16GB/512SSD/Win10 + Office Home/Intel Iris Xe Graphics/Slate Grey/1.36kg), 82A3009RIN",4.1 out of 5 stars,11,"76,990.00",https://m.media-amazon.com/images/I/61tcZHczA8L._AC_UY218_.jpg
258,B08MQGD9YY,"Dell Vostro 3400 14"" (35.56cms) FHD Anti Glare Display Laptop / i5-1135G7 / 8GB / 1TB / Integrated Graphics / Win 10 + MSO / Dune Color / 1.6Kg/ Backlit Keyboard) D552155WIN9DE",3.9 out of 5 stars,80,Currently Unavailable,https://m.media-amazon.com/images/I/51CEknIIHcL._AC_UY218_.jpg
259,B08CKRTZ7C,Asus Vivobook X515MA-EJ001T/ Silver/ Intel Celeron N4020/ RAM 4GB/ HDD 1 TB / 15.6 inch HD/ FP/ 2Cell/ Win10 Home,3.2 out of 5 stars,23,Currently Unavailable,https://m.media-amazon.com/images/I/71+cBm-j0TL._AC_UY218_.jpg
260,B08SKRQY7X,Dell Vostro 5402 14.0-inch FHD Laptop ( Core i5 11th Gen/ 8GB RAM/ 512GB SSD/ NVIDIA GeForce MX330 2GB Graphics/Windows 10/MS Office,4.3 out of 5 stars,3,"70,200",https://m.media-amazon.com/images/I/41-ztSX3rRL._AC_UY218_.jpg
261,B0937CXX8H,"Acer Aspire 3 Intel Core i3 11th Generation 15"" (38.1 cms) - (4 GB/1 TB HDD/Windows 10 Home/Intel UHD Graphics /1.7Kg/Silver) A315-58",2.9 out of 5 stars,9,"36,349",https://m.media-amazon.com/images/I/71CoOI-d9RS._AC_UY218_.jpg
262,B098TKCLHV,(Renewed) Lenovo ThinkPad 14 inch (35.56 cm) HD Laptop (Core i5 6th Gen/8 GB RAM/256 GB SSD/Windows 10 Pro/MS Office 19/Webcam/USB 3.0/Wifi/BT/Cardreader/Pan India Warranty/Integrated Graphics),No Rating Available,0,"38,999",https://m.media-amazon.com/images/I/51OKVljVlsS._AC_UY218_.jpg
263,B08ND9ZS61,"Acer Aspire 5 Intel Core i5-1035G1 Processor 14"" Full HD IPS Display Thin and Light Laptop (8GB Ram/512 GB SSD/Win10/NVIDA GeForce MX350/Silver/1.5kgs); A514-53G",5.0 out of 5 stars,1,"55,905",https://m.media-amazon.com/images/I/81XRzsMG2vL._AC_UY218_.jpg
264,B093VVMB6Q,"(Renewed) Dell Latitude Laptop E3380 Intel Core i3 - 6006u Processor 6th Gen, 16 GB Ram & 1TB SSD, 13.3 Inches Screen (Ultra Slim & Light 1.63KG) Notebook Computer",No Rating Available,0,"41,790",https://m.media-amazon.com/images/I/611JdsWwERL._AC_UY218_.jpg
265,B096SHMYJJ,"Lenovo IdeaPad Slim 5 11th Gen Intel Core i5 15.6"" FHD IPS Thin & Light Laptop (8GB/256GB SSD + 1TB HDD/Win 10/Office/Integrated Iris Xe Graphics/Fingerprint Reader/Graphite Grey/1.66Kg), 82FG010BIN",4.1 out of 5 stars,109,"63,990",https://m.media-amazon.com/images/I/61WNxdAeAoL._AC_UY218_.jpg
266,B08MPXQ6M2,"Dell Inspiron 5301 13.3"" (33.78cms) FHD IPS Anti Glare Display 11th Gen Laptop (i5-1135G7 / 8 GB / 512 SSD / Integrated Graphics / Win 10 + MSO / Silver) D560378WIN9S",4.0 out of 5 stars,137,"62,587",https://m.media-amazon.com/images/I/61XDdm6uPiL._AC_UY218_.jpg
267,B0928T2WQG,"HP 15 Ryzen 5 Processor 15.6-inch(39.6 cm) FHD Laptop (8GB/512GB SSD/Windows 10/Vega 8 Graphics/MS Office/Natural Silver/1.69Kg), 15s-eq0500AU",4.2 out of 5 stars,164,"53,435",https://m.media-amazon.com/images/I/81SdJG3OUjL._AC_UY218_.jpg
268,B096SKD3V7,"Lenovo IdeaPad Slim 3 (2021) | Intel Core i5 11th Gen |14"" FHD IPS |Thin & Light Laptop | 4-Side Narrow Bezel (8GB/512GB SSD/Win10/Office/Backlit KB/Fingerprint Reader/Arctic Grey/1.41kg), 82H700KTIN",4.4 out of 5 stars,158,"59,990",https://m.media-amazon.com/images/I/61+gLXwdCgS._AC_UY218_.jpg
269,B0917J6NK7,ASUS VivoBook15 Intel Core i5-1135G7(8GB RAM/512 GB NVMe SSD/Win10+McAfee/Ms Office H&S 2019/15.6-inch FHD IPS/ Intel Iris Xe Graphics /FP Reader/1.75 kg/Silver/1 Yr. Warranty)X515EA-EJ317TS,3.1 out of 5 stars,6,"56,200",https://m.media-amazon.com/images/I/71hgzeX--TL._AC_UY218_.jpg
270,B08Y92DKVL,"Lenovo ThinkPad E15 (2021) Intel Core i5 11th Gen 15.6"" FHD IPS Thin and Light Laptop (8GB RAM/512GB SSD/Windows 10/MS Office/NVIDIA MX350 2GB Graphics/FPR/Black/Aluminium Surface/ 1.7 kg), 20TDS0A300",4.0 out of 5 stars,31,"75,490",https://m.media-amazon.com/images/I/71TuueY7JDS._AC_UY218_.jpg
271,B094FXH349,"(Renewed) HP 14 11th Gen Intel Core i5 Processor 14-inch(35.6 cm) HD Laptop (8GB/512GB SSD/Windows 10/MS Office/Natural Silver/1.46Kg), 14s-dq2535TU",No Rating Available,0,"52,990",https://m.media-amazon.com/images/I/718-P3WYr5L._AC_UY218_.jpg
272,B08CS861RB,"ASUS VivoBook Ultra K14 (2021), AMD Ryzen 5 5500U, 14-inch FHD Thin and Light Laptop (8GB RAM/512GB SSD/Integrated Graphics/Office 2019/Windows 10/Indie Black/1.4 Kg), KM413UA-EB502TS",No Rating Available,More Buying Choices,"58,500",https://m.media-amazon.com/images/I/71xz0+MS0sS._AC_UY218_.jpg
273,B091H14P32,"Dell Inspiron 5406 14"" FHD Touch 2in1 Laptop (11th Geni3-1115G4 / 8GB / 512GB SSD / Integrated Graphics/ Win 10 + MSO / Backlit KB with FPR & Stylus Pen / Platinum Silver) D560384WIN9S",3.9 out of 5 stars,26,"59,800",https://m.media-amazon.com/images/I/51YwG-FYB5L._AC_UY218_.jpg
274,B0897SXQNN,MSI GF63 Thin 10SCSR-019IN Intel Core i7-10750H 10th Gen 15.6-inch 120Hz Laptop(8GB/512GB NVMe SSD /Windows 10 Home/Nvidia GeForce GTX 1650Ti Max-Q 4GB/Black/1.8Kg ) 9S7-16R412-019,2.9 out of 5 stars,7,"84,990",https://m.media-amazon.com/images/I/719QyW89YDL._AC_UY218_.jpg
275,B0928S5XS2,"HP 14 Intel Pentium N6000 14-inch(35.6 cm) Laptop (8GB/256GB SSD/Windows 10/MS Office/Jet Black/1.46Kg), 14s-dq3018TU",3.9 out of 5 stars,45,"31,490",https://m.media-amazon.com/images/I/71CiYVzgJsL._AC_UY218_.jpg
276,B08XBCX6HC,"HP Pavilion 11th Gen Intel Core i5 Processor 15.6-inch FHD Laptop with Alexa Built-in (16GB/512GB SSD/Win 10/MS Offce/2GB NVIDIA MX450 Graphics/Ceramic White/1.75 Kg), 15-eg0124TX",4.6 out of 5 stars,5,"74,999",https://m.media-amazon.com/images/I/71e3lmzoimL._AC_UY218_.jpg
277,B094151TQC,"(Renewed) Dell Latitude E5440 14-Inch Laptop (Core i5 4th Gen/8GB RAM(Upgradable to 16)/512GB SSD/Windows 10 Pro/MS Office 2019/More than 4 GB Intel Integrated Graphics), Black",3.5 out of 5 stars,2,"39,899",https://m.media-amazon.com/images/I/51gG1-BLxaS._AC_UY218_.jpg
278,B08S7M6SYJ,"(Renewed) Lenovo ThinkPad L430 14-inch Laptop (Core i5 3rd Gen/4 GB/128 GB SSD/Windows 10/MS Office Pro 2019/Integrated Graphics/Superior Web-conferencing), Black",No Rating Available,0,"29,599",https://m.media-amazon.com/images/I/71LAAhw+9bL._AC_UY218_.jpg
279,B097C2Q86T,"(Renewed) Lenovo Thinkpad Laptop X230 Intel Core i5 - 3320m Processor, 4 GB Ram & 128 GB SSD, Win10, 12.5 Inches 1.34 KG Ultralight Computer",4.0 out of 5 stars,1,"24,989",https://m.media-amazon.com/images/I/61R6kEAt-9S._AC_UY218_.jpg
280,B08SD5Z4K8,"Acer Aspire 5 15.6"" (39.62cms) Laptop(Intel Core i5 11th Generation/8GB/512GB SSD/Windows 10 Home/Intel Iris Xe Graphics),Black A515-56",4.0 out of 5 stars,49,"55,490",https://m.media-amazon.com/images/I/81fz6fJCPoL._AC_UY218_.jpg
281,B08LSCMTFS,"Dell Inspiron 5502 15.6"" (39.62cms) FHD Laptop (11thGen Core i5-1135G7/8GB RAM/512GB SSD/2GB MX330 Graphics/Windows 10 + MS Office Laptop),Platinum Silver",4.0 out of 5 stars,39,"70,700",https://m.media-amazon.com/images/I/71WJc4NrDyL._AC_UY218_.jpg
282,B08Q4H4YSX,"ASUS VivoBook 2020 Intel Core i5-1135G7 11th Gen, 14"" (35.56cms) FHD Touch Thin and Light 2in1 Laptop (8GB RAM/512GB SSD/Office 2019/Windows 10/Intel Iris Graphics/Silver/1.5 Kg), TP470EA-EC029TS",4.3 out of 5 stars,41,"70,990",https://m.media-amazon.com/images/I/71suRRG4NAL._AC_UY218_.jpg
283,B097C3B9DZ,"Dell Inspiron 5518 15.6"" FHD AG 250nits Display Laptop (Ci5-11300H / 16GB / 512GB SSD / Integrated Graphics / Win 10 + MSO / Backlit KB + FPR / Silver) D560479WIN9S",5.0 out of 5 stars,1,Currently Unavailable,https://m.media-amazon.com/images/I/71FH2HiGKxS._AC_UY218_.jpg
284,B093VVLJPQ,"(Renewed) Dell Latitude Laptop E3380 Intel Core i3 - 6006u Processor 6th Gen, 16 GB Ram & 2TB SSD, 13.3 Inches Screen (Ultra Slim & Light 1.63KG) Notebook Computer",No Rating Available,0,"46,590",https://m.media-amazon.com/images/I/611JdsWwERL._AC_UY218_.jpg
285,B00H51HZMS,"Acer One 14 Z2-485 14-inch Laptop [Core i5- 8250U/4GB/1TB HDD/Windows 10 Home/ with Intel HD 610 Graphics/ 3 Years Warranty ],Gold , UN.EFMSI.054",No Rating Available,0,"41,900",https://m.media-amazon.com/images/I/61+f3SeJqcL._AC_UY218_.jpg
286,B087D41JFB,"Lenovo Ideapad Slim 3 10th Gen Intel Core i5 15.6 inch (39.62 cms) FHD Thin and Light Laptop (8GB/1TB/Windows 10/MS Office/NVIDIA MX130 2GB Graphics/Platinum Grey/1.85Kg), 81WB00ANIN",3.9 out of 5 stars,139,Currently Unavailable,https://m.media-amazon.com/images/I/61Dw5Z8LzJL._AC_UY218_.jpg
287,B08CRMTKMK,"ASUS TUF Gaming F15 Laptop 15.6"" FHD 144Hz, Intel Core i5-10300H 10th Gen, GeForce GTX 1650 4GB GDDR6 Graphics (8GB RAM/512GB NVMe SSD/Windows 10/Fortress Gray/2.30 Kg), FX566LH-HN257T",4.3 out of 5 stars,226,"61,990",https://m.media-amazon.com/images/I/914o5xV1+8L._AC_UY218_.jpg
288,B08L6HC5SJ,"ASUS VivoBook Ultra K14 (2020), Intel Core i5-1035G1 10th Gen, 14-Inch FHD Thin and Light Laptop (8GB RAM/512GB SSD/Windows 10/Integrated Graphics/Indie Black/1.4 kg), K413JA-EK285T",3.3 out of 5 stars,8,"56,990",https://m.media-amazon.com/images/I/31ZrkdilbyL._AC_UY218_.jpg
289,B08Q6LS824,ASUS VivoBook M515DA-EJ512TS-AMD Ryzen 5-3500U 2.1 GHz / 8GB RAM / 512GB SSD / Integrated Vega 8 Graphics/15.6-inch FHD / Windows 10 Home+MsOffice H&S 2019 /FP Reader / 1.9 kg / Silver/ 1 Yr Warranty,3.9 out of 5 stars,8,"49,990",https://m.media-amazon.com/images/I/71aec+C8jOL._AC_UY218_.jpg
290,B07SY8TJWM,"Lenovo V145-AMD-A4 15.6 inch HD Thin and Light Laptop (4GB RAM/ 1TB HDD/ DOS/ with DVD Writer/ Black/ 2.1 kg), 81MT001BIH",3.4 out of 5 stars,74,Currently Unavailable,https://m.media-amazon.com/images/I/61+ybwGPLWL._AC_UY218_.jpg
291,B093L9SYZP,"MSI GF75 Thin, Intel i5-10500H, 17.3"" (43.9 cm) FHD IPS-Level 144Hz Panel Laptop (8GB/512GB NVMe SSD/Windows 10 Home/Nvidia GTX1650 4GB GDDR6/Black/2.2Kg), 10SCXR-655IN",No Rating Available,0,"72,775",https://m.media-amazon.com/images/I/81DR+J7JxkL._AC_UY218_.jpg
292,B08PZ3VRCS,"ASUS VivoBook S S15 (2021), 15.6-inch (39.62 cms) FHD Intel Core i7-1165G7 11th Gen, Thin and Light Laptop (8GB/512GB SSD/Office 2019/Windows 10/2GB NVIDIA MX350 Graphics/Silver/1.8 kg) S532EQ-BQ702TS",5.0 out of 5 stars,1,"84,990",https://m.media-amazon.com/images/I/41NvwgjTY5L._AC_UY218_.jpg
293,B092VLR74L,"Acer Nitro 5 Intel Core i5-10th Gen 15.6-inch Display Thin and Light Gaming Laptop (16GB Ram/1TB HDD + 256GB SSD/Win10/GTX 1650Ti Graphics/Obsidian Black/2.3 Kgs), AN515-55 + Xbox Game Pass for PC",4.2 out of 5 stars,45,"86,999",https://m.media-amazon.com/images/I/81mxlt2J81L._AC_UY218_.jpg
294,B09812YSSJ,"ASUS TUF Gaming F15 Core i5 10th Gen - (8 GB/512 GB SSD/Windows 10 Home/4 GB Graphics/NVIDIA GeForce GTX 1650/144 Hz/MS Office) FX506LH-HN258TS (15.6 inch, Black Plastic, 2.3 KG)",5.0 out of 5 stars,1,"65,739",https://m.media-amazon.com/images/I/410JzjTqp0S._AC_UY218_.jpg
295,B07ZG5W9QN,"DELL Inspiron 3593 15.6"" (39.62cms) Laptop (10th Gen Ci5-1035G1/8GB/1TB HDD + 256GB SSD/Windows 10/2GB NVIDIA MX 230 Graphics), Platinum Silver",4.0 out of 5 stars,248,"64,200",https://m.media-amazon.com/images/I/21x1r2l05LL._AC_UY218_.jpg
296,B0928T2WQG,"HP 15 Ryzen 5 Processor 15.6-inch(39.6 cm) FHD Laptop (8GB/512GB SSD/Windows 10/Vega 8 Graphics/MS Office/Natural Silver/1.69Kg), 15s-eq0500AU",4.2 out of 5 stars,164,"53,435",https://m.media-amazon.com/images/I/81SdJG3OUjL._AC_UY218_.jpg
297,B08MBV6YDR,"DELL Inspiron 3501 15.6-inch FHD Laptop (10th Gen Core i3-1035G1/8GB/1TB HDD/Window 10 + Microsoft Office/NoDvD/Integrated Graphics),SoftMint",3.5 out of 5 stars,183,"43,075",https://m.media-amazon.com/images/I/612G4reLx3L._AC_UY218_.jpg
298,B08DMG6S5R,"HP 250 G7 Commercial Laptop (10th Gen Intel Core i5, 8GB RAM, 1TB HDD, Windows 10), 1S5F9PA - for Small and Medium Business",3.5 out of 5 stars,25,"54,076",https://m.media-amazon.com/images/I/71nTZkJByLL._AC_UY218_.jpg
299,B08CGGRHLH,"HP OMEN 15.6-inch (39.62 cms) FHD Gaming Laptop (Ryzen 5-4600H/8GB/512GB SSD/Windows 10/NVIDIA GTX 1660ti 6GB/Shadow Black/2.36 kg), 15-en0002AX",4.5 out of 5 stars,239,"83,990",https://m.media-amazon.com/images/I/71dG2zTOI6L._AC_UY218_.jpg
300,B08PS7KFL4,"Asus VivoBook 14 Core i5 10th Gen - (8 GB/1 TB HDD/256 GB SSD/Windows 10 Home) X412FA-EK511T Thin and Light Laptop (14 inch, Transparent Silver, 1.50 kg)",5.0 out of 5 stars,2,"55,990",https://m.media-amazon.com/images/I/31GO+wge8-L._AC_UY218_.jpg
301,B089P9JV71,"HP 14 10th Gen Intel Core i5 Processor 14"" (35.56cms) FHD Laptop with Built-in 4G LTE (8GB/256GB SSD + 1TB HDD/Windows 10/MS Office 2019/Natural Silver/1.51kg) 14s-er0003TU",4.3 out of 5 stars,218,"67,000",https://m.media-amazon.com/images/I/71DsrUNw7xL._AC_UY218_.jpg
302,B08CKRS42M,ASUS Laptop 15 M515DA-BQ501T AMD Ryzen 5 3500U/1TB HDD/8GB/15.6 ³FHD/Windows 10/Slate - Grey/1Y,4.2 out of 5 stars,35,"48,990",https://m.media-amazon.com/images/I/61ZtYWwG9FS._AC_UY218_.jpg
303,B094Y7JWV8,"Dell Inspiron 3501 15.6"" FHD Display Laptop (i5-1135G7/ 8GB/ 512GB SSD/ Win 10 + MSO/ Integrated Graphics/ Backlit KB/ Soft Mint) D560440WIN9S",3.0 out of 5 stars,1,"61,430",https://m.media-amazon.com/images/I/61zbf9g+VDS._AC_UY218_.jpg
